Entidad Federativa,Año,Porcentaje,Tipo
Nacional,2008,44.4,Pobreza
Nacional,2010,46.1,Pobreza
Nacional,2012,45.5,Pobreza
Nacional,2014,46.2,Pobreza
Nacional,2016,43.2,Pobreza
Nacional,2018,41.9,Pobreza
Nacional,2020,43.9,Pobreza
Nacional,2008,32.3,Carencias sociales
Nacional,2010,28.1,Carencias sociales
Nacional,2012,28.6,Carencias sociales
Nacional,2014,26.3,Carencias sociales
Nacional,2016,25.3,Carencias sociales
Nacional,2018,26.4,Carencias sociales
Nacional,2020,23.7,Carencias sociales
Nacional,2008,21.9,Rezago Educativo
Nacional,2010,20.7,Rezago Educativo
Nacional,2012,19.2,Rezago Educativo
Nacional,2014,18.7,Rezago Educativo
Nacional,2016,18.5,Rezago Educativo
Nacional,2018,19,Rezago Educativo
Nacional,2020,19.2,Rezago Educativo
Nacional,2008,68.23,Cobertura Preescolar
Nacional,2010,68.49,Cobertura Preescolar
Nacional,2012,70.62,Cobertura Preescolar
Nacional,2014,71.6,Cobertura Preescolar
Nacional,2016,73.86,Cobertura Preescolar
Nacional,2018,71.83,Cobertura Preescolar
Nacional,2020,65.6,Cobertura Preescolar
Nacional,2008,100.84,Cobertura Primaria
Nacional,2010,101.66,Cobertura Primaria
Nacional,2012,100.69,Cobertura Primaria
Nacional,2014,98.74,Cobertura Primaria
Nacional,2016,98.45,Cobertura Primaria
Nacional,2018,98.66,Cobertura Primaria
Nacional,2020,97.37,Cobertura Primaria
Nacional,2008,79.41,Cobertura Secundaria
Nacional,2010,80.29,Cobertura Secundaria
Nacional,2012,83.82,Cobertura Secundaria
Nacional,2014,88.32,Cobertura Secundaria
Nacional,2016,86.27,Cobertura Secundaria
Nacional,2018,83.95,Cobertura Secundaria
Nacional,2020,84.15,Cobertura Secundaria
Nacional,2008,47.03,Cobertura Educación Media
Nacional,2010,50.28,Cobertura Educación Media
Nacional,2012,53.43,Cobertura Educación Media
Nacional,2014,57.72,Cobertura Educación Media
Nacional,2016,62.44,Cobertura Educación Media
Nacional,2018,63.59,Cobertura Educación Media
Nacional,2020,62.22,Cobertura Educación Media
Nacional,2008,24.41,Cobertura Educación Superior
Nacional,2010,26.08,Cobertura Educación Superior
Nacional,2012,28.22,Cobertura Educación Superior
Nacional,2014,29.82,Cobertura Educación Superior
Nacional,2016,32.09,Cobertura Educación Superior
Nacional,2018,33.87,Cobertura Educación Superior
Nacional,2020,34.73,Cobertura Educación Superior
Aguascalientes,2008,37.6,Pobreza
Aguascalientes,2010,38.1,Pobreza
Aguascalientes,2012,37.8,Pobreza
Aguascalientes,2014,34.8,Pobreza
Aguascalientes,2016,28.9,Pobreza
Aguascalientes,2018,26.3,Pobreza
Aguascalientes,2020,27.6,Pobreza
Aguascalientes,2008,30.8,Carencias sociales
Aguascalientes,2010,26.2,Carencias sociales
Aguascalientes,2012,24.5,Carencias sociales
Aguascalientes,2014,25.3,Carencias sociales
Aguascalientes,2016,25.1,Carencias sociales
Aguascalientes,2018,25.5,Carencias sociales
Aguascalientes,2020,25.6,Carencias sociales
Aguascalientes,2008,18.1,Rezago Educativo
Aguascalientes,2010,17.2,Rezago Educativo
Aguascalientes,2012,15.3,Rezago Educativo
Aguascalientes,2014,14.4,Rezago Educativo
Aguascalientes,2016,15.8,Rezago Educativo
Aguascalientes,2018,15.6,Rezago Educativo
Aguascalientes,2020,15.7,Rezago Educativo
Aguascalientes,2008,62.48,Cobertura Preescolar
Aguascalientes,2010,59.22,Cobertura Preescolar
Aguascalientes,2012,64.81,Cobertura Preescolar
Aguascalientes,2014,65.38,Cobertura Preescolar
Aguascalientes,2016,68.36,Cobertura Preescolar
Aguascalientes,2018,69.28,Cobertura Preescolar
Aguascalientes,2020,68.19,Cobertura Preescolar
Aguascalientes,2008,97.06,Cobertura Primaria
Aguascalientes,2010,97.64,Cobertura Primaria
Aguascalientes,2012,95.76,Cobertura Primaria
Aguascalientes,2014,93.33,Cobertura Primaria
Aguascalientes,2016,92.44,Cobertura Primaria
Aguascalientes,2018,94.23,Cobertura Primaria
Aguascalientes,2020,95.63,Cobertura Primaria
Aguascalientes,2008,80.32,Cobertura Secundaria
Aguascalientes,2010,79.66,Cobertura Secundaria
Aguascalientes,2012,82.89,Cobertura Secundaria
Aguascalientes,2014,84.79,Cobertura Secundaria
Aguascalientes,2016,82.09,Cobertura Secundaria
Aguascalientes,2018,80,Cobertura Secundaria
Aguascalientes,2020,82.06,Cobertura Secundaria
Aguascalientes,2008,48.92,Cobertura Educación Media
Aguascalientes,2010,51.17,Cobertura Educación Media
Aguascalientes,2012,52.14,Cobertura Educación Media
Aguascalientes,2014,56.35,Cobertura Educación Media
Aguascalientes,2016,61.44,Cobertura Educación Media
Aguascalientes,2018,62.22,Cobertura Educación Media
Aguascalientes,2020,61.12,Cobertura Educación Media
Aguascalientes,2008,28.58,Cobertura Educación Superior
Aguascalientes,2010,30.69,Cobertura Educación Superior
Aguascalientes,2012,32.86,Cobertura Educación Superior
Aguascalientes,2014,34.02,Cobertura Educación Superior
Aguascalientes,2016,38.1,Cobertura Educación Superior
Aguascalientes,2018,39.93,Cobertura Educación Superior
Aguascalientes,2020,39.28,Cobertura Educación Superior
Baja California,2008,26,Pobreza
Baja California,2010,31.5,Pobreza
Baja California,2012,30.2,Pobreza
Baja California,2014,28.6,Pobreza
Baja California,2016,22.6,Pobreza
Baja California,2018,23.6,Pobreza
Baja California,2020,22.5,Pobreza
Baja California,2008,42.1,Carencias sociales
Baja California,2010,37.9,Carencias sociales
Baja California,2012,37.6,Carencias sociales
Baja California,2014,38.3,Carencias sociales
Baja California,2016,33.6,Carencias sociales
Baja California,2018,33.9,Carencias sociales
Baja California,2020,34.4,Carencias sociales
Baja California,2008,18,Rezago Educativo
Baja California,2010,16.9,Rezago Educativo
Baja California,2012,14.6,Rezago Educativo
Baja California,2014,15.4,Rezago Educativo
Baja California,2016,14.1,Rezago Educativo
Baja California,2018,15.9,Rezago Educativo
Baja California,2020,16.1,Rezago Educativo
Baja California,2008,55.54,Cobertura Preescolar
Baja California,2010,55.57,Cobertura Preescolar
Baja California,2012,58.5,Cobertura Preescolar
Baja California,2014,59.11,Cobertura Preescolar
Baja California,2016,62.46,Cobertura Preescolar
Baja California,2018,61.39,Cobertura Preescolar
Baja California,2020,52.94,Cobertura Preescolar
Baja California,2008,104.35,Cobertura Primaria
Baja California,2010,100.88,Cobertura Primaria
Baja California,2012,101.4,Cobertura Primaria
Baja California,2014,98.99,Cobertura Primaria
Baja California,2016,100.02,Cobertura Primaria
Baja California,2018,100.2,Cobertura Primaria
Baja California,2020,98.96,Cobertura Primaria
Baja California,2008,81.26,Cobertura Secundaria
Baja California,2010,84.06,Cobertura Secundaria
Baja California,2012,90.67,Cobertura Secundaria
Baja California,2014,94.18,Cobertura Secundaria
Baja California,2016,86.51,Cobertura Secundaria
Baja California,2018,85.92,Cobertura Secundaria
Baja California,2020,88.19,Cobertura Secundaria
Baja California,2008,46.4,Cobertura Educación Media
Baja California,2010,50.6,Cobertura Educación Media
Baja California,2012,53.89,Cobertura Educación Media
Baja California,2014,61.53,Cobertura Educación Media
Baja California,2016,69.15,Cobertura Educación Media
Baja California,2018,68.85,Cobertura Educación Media
Baja California,2020,67,Cobertura Educación Media
Baja California,2008,24.41,Cobertura Educación Superior
Baja California,2010,26.48,Cobertura Educación Superior
Baja California,2012,30.41,Cobertura Educación Superior
Baja California,2014,32.22,Cobertura Educación Superior
Baja California,2016,35.6,Cobertura Educación Superior
Baja California,2018,37.21,Cobertura Educación Superior
Baja California,2020,38.9,Cobertura Educación Superior
Baja California Sur,2008,21.4,Pobreza
Baja California Sur,2010,31,Pobreza
Baja California Sur,2012,30.1,Pobreza
Baja California Sur,2014,30.3,Pobreza
Baja California Sur,2016,22.9,Pobreza
Baja California Sur,2018,18.6,Pobreza
Baja California Sur,2020,27.6,Pobreza
Baja California Sur,2008,44.6,Carencias sociales
Baja California Sur,2010,32.5,Carencias sociales
Baja California Sur,2012,30,Carencias sociales
Baja California Sur,2014,34.4,Carencias sociales
Baja California Sur,2016,34.1,Carencias sociales
Baja California Sur,2018,37.7,Carencias sociales
Baja California Sur,2020,30,Carencias sociales
Baja California Sur,2008,16.6,Rezago Educativo
Baja California Sur,2010,16.9,Rezago Educativo
Baja California Sur,2012,15.7,Rezago Educativo
Baja California Sur,2014,14.9,Rezago Educativo
Baja California Sur,2016,14.3,Rezago Educativo
Baja California Sur,2018,13.6,Rezago Educativo
Baja California Sur,2020,14.5,Rezago Educativo
Baja California Sur,2008,69.37,Cobertura Preescolar
Baja California Sur,2010,66.24,Cobertura Preescolar
Baja California Sur,2012,69.73,Cobertura Preescolar
Baja California Sur,2014,67.82,Cobertura Preescolar
Baja California Sur,2016,70.6,Cobertura Preescolar
Baja California Sur,2018,69.11,Cobertura Preescolar
Baja California Sur,2020,61.6,Cobertura Preescolar
Baja California Sur,2008,105.03,Cobertura Primaria
Baja California Sur,2010,102.91,Cobertura Primaria
Baja California Sur,2012,101.08,Cobertura Primaria
Baja California Sur,2014,97.1,Cobertura Primaria
Baja California Sur,2016,97.08,Cobertura Primaria
Baja California Sur,2018,98.72,Cobertura Primaria
Baja California Sur,2020,95.94,Cobertura Primaria
Baja California Sur,2008,83.2,Cobertura Secundaria
Baja California Sur,2010,82.25,Cobertura Secundaria
Baja California Sur,2012,84.93,Cobertura Secundaria
Baja California Sur,2014,89.94,Cobertura Secundaria
Baja California Sur,2016,86.58,Cobertura Secundaria
Baja California Sur,2018,85.38,Cobertura Secundaria
Baja California Sur,2020,89.44,Cobertura Secundaria
Baja California Sur,2008,54.16,Cobertura Educación Media
Baja California Sur,2010,58.4,Cobertura Educación Media
Baja California Sur,2012,61.96,Cobertura Educación Media
Baja California Sur,2014,64.84,Cobertura Educación Media
Baja California Sur,2016,70.45,Cobertura Educación Media
Baja California Sur,2018,72.72,Cobertura Educación Media
Baja California Sur,2020,72.87,Cobertura Educación Media
Baja California Sur,2008,27.04,Cobertura Educación Superior
Baja California Sur,2010,27.07,Cobertura Educación Superior
Baja California Sur,2012,29.69,Cobertura Educación Superior
Baja California Sur,2014,31.74,Cobertura Educación Superior
Baja California Sur,2016,33.58,Cobertura Educación Superior
Baja California Sur,2018,35.61,Cobertura Educación Superior
Baja California Sur,2020,33.96,Cobertura Educación Superior
Campeche,2008,45.9,Pobreza
Campeche,2010,50.5,Pobreza
Campeche,2012,44.7,Pobreza
Campeche,2014,43.6,Pobreza
Campeche,2016,45.7,Pobreza
Campeche,2018,49,Pobreza
Campeche,2020,50.5,Pobreza
Campeche,2008,29.5,Carencias sociales
Campeche,2010,24.9,Carencias sociales
Campeche,2012,28.6,Carencias sociales
Campeche,2014,32.1,Carencias sociales
Campeche,2016,28.6,Carencias sociales
Campeche,2018,27.1,Carencias sociales
Campeche,2020,21,Carencias sociales
Campeche,2008,22.9,Rezago Educativo
Campeche,2010,24.1,Rezago Educativo
Campeche,2012,19.2,Rezago Educativo
Campeche,2014,18.8,Rezago Educativo
Campeche,2016,18,Rezago Educativo
Campeche,2018,19.4,Rezago Educativo
Campeche,2020,19.2,Rezago Educativo
Campeche,2008,67.6,Cobertura Preescolar
Campeche,2010,68.26,Cobertura Preescolar
Campeche,2012,69.42,Cobertura Preescolar
Campeche,2014,71.79,Cobertura Preescolar
Campeche,2016,72.11,Cobertura Preescolar
Campeche,2018,72.15,Cobertura Preescolar
Campeche,2020,62.9,Cobertura Preescolar
Campeche,2008,97.24,Cobertura Primaria
Campeche,2010,98.73,Cobertura Primaria
Campeche,2012,96.46,Cobertura Primaria
Campeche,2014,94.16,Cobertura Primaria
Campeche,2016,92.12,Cobertura Primaria
Campeche,2018,90.59,Cobertura Primaria
Campeche,2020,88.9,Cobertura Primaria
Campeche,2008,72.5,Cobertura Secundaria
Campeche,2010,75.68,Cobertura Secundaria
Campeche,2012,77.74,Cobertura Secundaria
Campeche,2014,82.21,Cobertura Secundaria
Campeche,2016,80.67,Cobertura Secundaria
Campeche,2018,77.03,Cobertura Secundaria
Campeche,2020,77.92,Cobertura Secundaria
Campeche,2008,45.58,Cobertura Educación Media
Campeche,2010,49.25,Cobertura Educación Media
Campeche,2012,52.62,Cobertura Educación Media
Campeche,2014,54.44,Cobertura Educación Media
Campeche,2016,59.6,Cobertura Educación Media
Campeche,2018,59.51,Cobertura Educación Media
Campeche,2020,59.57,Cobertura Educación Media
Campeche,2008,27.6,Cobertura Educación Superior
Campeche,2010,29.04,Cobertura Educación Superior
Campeche,2012,29.46,Cobertura Educación Superior
Campeche,2014,30.56,Cobertura Educación Superior
Campeche,2016,31.8,Cobertura Educación Superior
Campeche,2018,31.96,Cobertura Educación Superior
Campeche,2020,32.62,Cobertura Educación Superior
Coahuila de Zaragoza,2008,32.7,Pobreza
Coahuila de Zaragoza,2010,27.8,Pobreza
Coahuila de Zaragoza,2012,27.9,Pobreza
Coahuila de Zaragoza,2014,30.2,Pobreza
Coahuila de Zaragoza,2016,27.1,Pobreza
Coahuila de Zaragoza,2018,25.5,Pobreza
Coahuila de Zaragoza,2020,25.6,Pobreza
Coahuila de Zaragoza,2008,25.2,Carencias sociales
Coahuila de Zaragoza,2010,25.6,Carencias sociales
Coahuila de Zaragoza,2012,24.4,Carencias sociales
Coahuila de Zaragoza,2014,24.2,Carencias sociales
Coahuila de Zaragoza,2016,20.5,Carencias sociales
Coahuila de Zaragoza,2018,22,Carencias sociales
Coahuila de Zaragoza,2020,21.2,Carencias sociales
Coahuila de Zaragoza,2008,13.7,Rezago Educativo
Coahuila de Zaragoza,2010,12.2,Rezago Educativo
Coahuila de Zaragoza,2012,12.5,Rezago Educativo
Coahuila de Zaragoza,2014,12.5,Rezago Educativo
Coahuila de Zaragoza,2016,13.7,Rezago Educativo
Coahuila de Zaragoza,2018,14.2,Rezago Educativo
Coahuila de Zaragoza,2020,14.3,Rezago Educativo
Coahuila de Zaragoza,2008,69.18,Cobertura Preescolar
Coahuila de Zaragoza,2010,70.81,Cobertura Preescolar
Coahuila de Zaragoza,2012,72.6,Cobertura Preescolar
Coahuila de Zaragoza,2014,70.04,Cobertura Preescolar
Coahuila de Zaragoza,2016,71.69,Cobertura Preescolar
Coahuila de Zaragoza,2018,70.19,Cobertura Preescolar
Coahuila de Zaragoza,2020,69.96,Cobertura Preescolar
Coahuila de Zaragoza,2008,108.67,Cobertura Primaria
Coahuila de Zaragoza,2010,108.66,Cobertura Primaria
Coahuila de Zaragoza,2012,101.32,Cobertura Primaria
Coahuila de Zaragoza,2014,93.38,Cobertura Primaria
Coahuila de Zaragoza,2016,93.17,Cobertura Primaria
Coahuila de Zaragoza,2018,93.68,Cobertura Primaria
Coahuila de Zaragoza,2020,93.75,Cobertura Primaria
Coahuila de Zaragoza,2008,88.96,Cobertura Secundaria
Coahuila de Zaragoza,2010,88.06,Cobertura Secundaria
Coahuila de Zaragoza,2012,89.68,Cobertura Secundaria
Coahuila de Zaragoza,2014,90.18,Cobertura Secundaria
Coahuila de Zaragoza,2016,88.91,Cobertura Secundaria
Coahuila de Zaragoza,2018,80.68,Cobertura Secundaria
Coahuila de Zaragoza,2020,82.17,Cobertura Secundaria
Coahuila de Zaragoza,2008,48.68,Cobertura Educación Media
Coahuila de Zaragoza,2010,49.78,Cobertura Educación Media
Coahuila de Zaragoza,2012,50.83,Cobertura Educación Media
Coahuila de Zaragoza,2014,53.01,Cobertura Educación Media
Coahuila de Zaragoza,2016,60.11,Cobertura Educación Media
Coahuila de Zaragoza,2018,64.91,Cobertura Educación Media
Coahuila de Zaragoza,2020,58.77,Cobertura Educación Media
Coahuila de Zaragoza,2008,29.67,Cobertura Educación Superior
Coahuila de Zaragoza,2010,30.49,Cobertura Educación Superior
Coahuila de Zaragoza,2012,30.94,Cobertura Educación Superior
Coahuila de Zaragoza,2014,32.19,Cobertura Educación Superior
Coahuila de Zaragoza,2016,34.38,Cobertura Educación Superior
Coahuila de Zaragoza,2018,36.86,Cobertura Educación Superior
Coahuila de Zaragoza,2020,40.48,Cobertura Educación Superior
Colima,2008,27.4,Pobreza
Colima,2010,34.7,Pobreza
Colima,2012,34.4,Pobreza
Colima,2014,34.3,Pobreza
Colima,2016,32.5,Pobreza
Colima,2018,30.4,Pobreza
Colima,2020,26.7,Pobreza
Colima,2008,39.7,Carencias sociales
Colima,2010,33.8,Carencias sociales
Colima,2012,31.7,Carencias sociales
Colima,2014,33.2,Carencias sociales
Colima,2016,30.1,Carencias sociales
Colima,2018,32.5,Carencias sociales
Colima,2020,32.8,Carencias sociales
Colima,2008,18.6,Rezago Educativo
Colima,2010,18.8,Rezago Educativo
Colima,2012,18.8,Rezago Educativo
Colima,2014,17.5,Rezago Educativo
Colima,2016,17,Rezago Educativo
Colima,2018,18.1,Rezago Educativo
Colima,2020,17.7,Rezago Educativo
Colima,2008,70.26,Cobertura Preescolar
Colima,2010,63.56,Cobertura Preescolar
Colima,2012,62.81,Cobertura Preescolar
Colima,2014,63.94,Cobertura Preescolar
Colima,2016,62.39,Cobertura Preescolar
Colima,2018,59.71,Cobertura Preescolar
Colima,2020,55.22,Cobertura Preescolar
Colima,2008,92.98,Cobertura Primaria
Colima,2010,96.34,Cobertura Primaria
Colima,2012,97.65,Cobertura Primaria
Colima,2014,96.75,Cobertura Primaria
Colima,2016,93.07,Cobertura Primaria
Colima,2018,90.69,Cobertura Primaria
Colima,2020,87.54,Cobertura Primaria
Colima,2008,79.64,Cobertura Secundaria
Colima,2010,76.59,Cobertura Secundaria
Colima,2012,78.47,Cobertura Secundaria
Colima,2014,83.66,Cobertura Secundaria
Colima,2016,83.49,Cobertura Secundaria
Colima,2018,78.74,Cobertura Secundaria
Colima,2020,77.17,Cobertura Secundaria
Colima,2008,49.52,Cobertura Educación Media
Colima,2010,54.82,Cobertura Educación Media
Colima,2012,54.39,Cobertura Educación Media
Colima,2014,56.83,Cobertura Educación Media
Colima,2016,57.06,Cobertura Educación Media
Colima,2018,59.14,Cobertura Educación Media
Colima,2020,53.64,Cobertura Educación Media
Colima,2008,27.66,Cobertura Educación Superior
Colima,2010,29.7,Cobertura Educación Superior
Colima,2012,32.2,Cobertura Educación Superior
Colima,2014,33.47,Cobertura Educación Superior
Colima,2016,31.92,Cobertura Educación Superior
Colima,2018,30.74,Cobertura Educación Superior
Colima,2020,30.51,Cobertura Educación Superior
Chiapas,2008,77,Pobreza
Chiapas,2010,78.5,Pobreza
Chiapas,2012,74.7,Pobreza
Chiapas,2014,76.2,Pobreza
Chiapas,2016,77.9,Pobreza
Chiapas,2018,78,Pobreza
Chiapas,2020,75.5,Pobreza
Chiapas,2008,15.9,Carencias sociales
Chiapas,2010,13,Carencias sociales
Chiapas,2012,17.2,Carencias sociales
Chiapas,2014,15.3,Carencias sociales
Chiapas,2016,11.8,Carencias sociales
Chiapas,2018,12.3,Carencias sociales
Chiapas,2020,14.1,Carencias sociales
Chiapas,2008,38,Rezago Educativo
Chiapas,2010,35,Rezago Educativo
Chiapas,2012,33.5,Rezago Educativo
Chiapas,2014,30.7,Rezago Educativo
Chiapas,2016,30.2,Rezago Educativo
Chiapas,2018,31.2,Rezago Educativo
Chiapas,2020,32.5,Rezago Educativo
Chiapas,2008,75.18,Cobertura Preescolar
Chiapas,2010,76.56,Cobertura Preescolar
Chiapas,2012,79.69,Cobertura Preescolar
Chiapas,2014,80.36,Cobertura Preescolar
Chiapas,2016,80.55,Cobertura Preescolar
Chiapas,2018,77.88,Cobertura Preescolar
Chiapas,2020,75.16,Cobertura Preescolar
Chiapas,2008,102.67,Cobertura Primaria
Chiapas,2010,103.57,Cobertura Primaria
Chiapas,2012,102.57,Cobertura Primaria
Chiapas,2014,102.46,Cobertura Primaria
Chiapas,2016,102.63,Cobertura Primaria
Chiapas,2018,103.65,Cobertura Primaria
Chiapas,2020,103.25,Cobertura Primaria
Chiapas,2008,66.99,Cobertura Secundaria
Chiapas,2010,70.56,Cobertura Secundaria
Chiapas,2012,72.25,Cobertura Secundaria
Chiapas,2014,77.65,Cobertura Secundaria
Chiapas,2016,77.08,Cobertura Secundaria
Chiapas,2018,75.73,Cobertura Secundaria
Chiapas,2020,73.48,Cobertura Secundaria
Chiapas,2008,44.31,Cobertura Educación Media
Chiapas,2010,48.55,Cobertura Educación Media
Chiapas,2012,53.79,Cobertura Educación Media
Chiapas,2014,56.61,Cobertura Educación Media
Chiapas,2016,58.43,Cobertura Educación Media
Chiapas,2018,59.1,Cobertura Educación Media
Chiapas,2020,53.66,Cobertura Educación Media
Chiapas,2008,13.41,Cobertura Educación Superior
Chiapas,2010,13.68,Cobertura Educación Superior
Chiapas,2012,14.49,Cobertura Educación Superior
Chiapas,2014,14.49,Cobertura Educación Superior
Chiapas,2016,15.32,Cobertura Educación Superior
Chiapas,2018,14.86,Cobertura Educación Superior
Chiapas,2020,14.37,Cobertura Educación Superior
Chihuahua,2008,32.1,Pobreza
Chihuahua,2010,38.8,Pobreza
Chihuahua,2012,35.3,Pobreza
Chihuahua,2014,34.4,Pobreza
Chihuahua,2016,30.7,Pobreza
Chihuahua,2018,26.6,Pobreza
Chihuahua,2020,25.3,Pobreza
Chihuahua,2008,34.6,Carencias sociales
Chihuahua,2010,22.8,Carencias sociales
Chihuahua,2012,27.4,Carencias sociales
Chihuahua,2014,25.8,Carencias sociales
Chihuahua,2016,24.7,Carencias sociales
Chihuahua,2018,27.4,Carencias sociales
Chihuahua,2020,24.4,Carencias sociales
Chihuahua,2008,18.6,Rezago Educativo
Chihuahua,2010,17.5,Rezago Educativo
Chihuahua,2012,16.1,Rezago Educativo
Chihuahua,2014,17.3,Rezago Educativo
Chihuahua,2016,17.1,Rezago Educativo
Chihuahua,2018,17.2,Rezago Educativo
Chihuahua,2020,16.2,Rezago Educativo
Chihuahua,2008,57.54,Cobertura Preescolar
Chihuahua,2010,58.88,Cobertura Preescolar
Chihuahua,2012,61.33,Cobertura Preescolar
Chihuahua,2014,60.76,Cobertura Preescolar
Chihuahua,2016,62.33,Cobertura Preescolar
Chihuahua,2018,63.61,Cobertura Preescolar
Chihuahua,2020,59.3,Cobertura Preescolar
Chihuahua,2008,98.37,Cobertura Primaria
Chihuahua,2010,97.51,Cobertura Primaria
Chihuahua,2012,96.71,Cobertura Primaria
Chihuahua,2014,101.04,Cobertura Primaria
Chihuahua,2016,97.16,Cobertura Primaria
Chihuahua,2018,97.45,Cobertura Primaria
Chihuahua,2020,96.11,Cobertura Primaria
Chihuahua,2008,72.68,Cobertura Secundaria
Chihuahua,2010,75.14,Cobertura Secundaria
Chihuahua,2012,80.04,Cobertura Secundaria
Chihuahua,2014,87.61,Cobertura Secundaria
Chihuahua,2016,79.79,Cobertura Secundaria
Chihuahua,2018,79.81,Cobertura Secundaria
Chihuahua,2020,82.28,Cobertura Secundaria
Chihuahua,2008,48.68,Cobertura Educación Media
Chihuahua,2010,50.89,Cobertura Educación Media
Chihuahua,2012,53.13,Cobertura Educación Media
Chihuahua,2014,58.88,Cobertura Educación Media
Chihuahua,2016,61.21,Cobertura Educación Media
Chihuahua,2018,60.83,Cobertura Educación Media
Chihuahua,2020,61.18,Cobertura Educación Media
Chihuahua,2008,26.43,Cobertura Educación Superior
Chihuahua,2010,29.32,Cobertura Educación Superior
Chihuahua,2012,32.55,Cobertura Educación Superior
Chihuahua,2014,35.31,Cobertura Educación Superior
Chihuahua,2016,37.66,Cobertura Educación Superior
Chihuahua,2018,38.69,Cobertura Educación Superior
Chihuahua,2020,39.62,Cobertura Educación Superior
Ciudad de México,2008,27.6,Pobreza
Ciudad de México,2010,28.5,Pobreza
Ciudad de México,2012,28.9,Pobreza
Ciudad de México,2014,28.4,Pobreza
Ciudad de México,2016,26.6,Pobreza
Ciudad de México,2018,30,Pobreza
Ciudad de México,2020,32.6,Pobreza
Ciudad de México,2008,36.1,Carencias sociales
Ciudad de México,2010,34.4,Carencias sociales
Ciudad de México,2012,32.4,Carencias sociales
Ciudad de México,2014,28,Carencias sociales
Ciudad de México,2016,27.7,Carencias sociales
Ciudad de México,2018,25.2,Carencias sociales
Ciudad de México,2020,21.3,Carencias sociales
Ciudad de México,2008,10.6,Rezago Educativo
Ciudad de México,2010,9.5,Rezago Educativo
Ciudad de México,2012,9.2,Rezago Educativo
Ciudad de México,2014,8.8,Rezago Educativo
Ciudad de México,2016,8.9,Rezago Educativo
Ciudad de México,2018,9.4,Rezago Educativo
Ciudad de México,2020,9.5,Rezago Educativo
Ciudad de México,2008,75.33,Cobertura Preescolar
Ciudad de México,2010,75.97,Cobertura Preescolar
Ciudad de México,2012,79.88,Cobertura Preescolar
Ciudad de México,2014,81.22,Cobertura Preescolar
Ciudad de México,2016,87.35,Cobertura Preescolar
Ciudad de México,2018,85.51,Cobertura Preescolar
Ciudad de México,2020,74.29,Cobertura Preescolar
Ciudad de México,2008,103.8,Cobertura Primaria
Ciudad de México,2010,106.6,Cobertura Primaria
Ciudad de México,2012,108.63,Cobertura Primaria
Ciudad de México,2014,109.65,Cobertura Primaria
Ciudad de México,2016,113.26,Cobertura Primaria
Ciudad de México,2018,112.86,Cobertura Primaria
Ciudad de México,2020,114.27,Cobertura Primaria
Ciudad de México,2008,94.45,Cobertura Secundaria
Ciudad de México,2010,95.54,Cobertura Secundaria
Ciudad de México,2012,100.76,Cobertura Secundaria
Ciudad de México,2014,106.86,Cobertura Secundaria
Ciudad de México,2016,107.33,Cobertura Secundaria
Ciudad de México,2018,107.02,Cobertura Secundaria
Ciudad de México,2020,111.16,Cobertura Secundaria
Ciudad de México,2008,62.95,Cobertura Educación Media
Ciudad de México,2010,68.83,Cobertura Educación Media
Ciudad de México,2012,76.03,Cobertura Educación Media
Ciudad de México,2014,84.81,Cobertura Educación Media
Ciudad de México,2016,89.08,Cobertura Educación Media
Ciudad de México,2018,92.21,Cobertura Educación Media
Ciudad de México,2020,98.37,Cobertura Educación Media
Ciudad de México,2008,49.64,Cobertura Educación Superior
Ciudad de México,2010,52.55,Cobertura Educación Superior
Ciudad de México,2012,57.89,Cobertura Educación Superior
Ciudad de México,2014,61.55,Cobertura Educación Superior
Ciudad de México,2016,66.53,Cobertura Educación Superior
Ciudad de México,2018,68.31,Cobertura Educación Superior
Ciudad de México,2020,72.84,Cobertura Educación Superior
Durango,2008,48.4,Pobreza
Durango,2010,51.6,Pobreza
Durango,2012,50.1,Pobreza
Durango,2014,43.5,Pobreza
Durango,2016,37.2,Pobreza
Durango,2018,38.8,Pobreza
Durango,2020,38.7,Pobreza
Durango,2008,24.6,Carencias sociales
Durango,2010,21.1,Carencias sociales
Durango,2012,21.8,Carencias sociales
Durango,2014,24.3,Carencias sociales
Durango,2016,26.2,Carencias sociales
Durango,2018,23.2,Carencias sociales
Durango,2020,23.3,Carencias sociales
Durango,2008,21.6,Rezago Educativo
Durango,2010,19,Rezago Educativo
Durango,2012,16.1,Rezago Educativo
Durango,2014,15.5,Rezago Educativo
Durango,2016,16,Rezago Educativo
Durango,2018,16.3,Rezago Educativo
Durango,2020,16.9,Rezago Educativo
Durango,2008,63.84,Cobertura Preescolar
Durango,2010,63.56,Cobertura Preescolar
Durango,2012,65.52,Cobertura Preescolar
Durango,2014,67.4,Cobertura Preescolar
Durango,2016,68.31,Cobertura Preescolar
Durango,2018,66.34,Cobertura Preescolar
Durango,2020,65.91,Cobertura Preescolar
Durango,2008,101.22,Cobertura Primaria
Durango,2010,101.44,Cobertura Primaria
Durango,2012,100.43,Cobertura Primaria
Durango,2014,96.12,Cobertura Primaria
Durango,2016,95.42,Cobertura Primaria
Durango,2018,96.85,Cobertura Primaria
Durango,2020,97.42,Cobertura Primaria
Durango,2008,81.73,Cobertura Secundaria
Durango,2010,82.88,Cobertura Secundaria
Durango,2012,86.03,Cobertura Secundaria
Durango,2014,86.95,Cobertura Secundaria
Durango,2016,86.4,Cobertura Secundaria
Durango,2018,79.44,Cobertura Secundaria
Durango,2020,77.74,Cobertura Secundaria
Durango,2008,51.45,Cobertura Educación Media
Durango,2010,53.07,Cobertura Educación Media
Durango,2012,63.14,Cobertura Educación Media
Durango,2014,64.47,Cobertura Educación Media
Durango,2016,66.57,Cobertura Educación Media
Durango,2018,64.78,Cobertura Educación Media
Durango,2020,60.5,Cobertura Educación Media
Durango,2008,21.2,Cobertura Educación Superior
Durango,2010,23.19,Cobertura Educación Superior
Durango,2012,25.26,Cobertura Educación Superior
Durango,2014,26.47,Cobertura Educación Superior
Durango,2016,28.27,Cobertura Educación Superior
Durango,2018,29.32,Cobertura Educación Superior
Durango,2020,30.08,Cobertura Educación Superior
Guanajuato,2008,44.1,Pobreza
Guanajuato,2010,48.5,Pobreza
Guanajuato,2012,44.5,Pobreza
Guanajuato,2014,46.6,Pobreza
Guanajuato,2016,39.4,Pobreza
Guanajuato,2018,41.5,Pobreza
Guanajuato,2020,42.7,Pobreza
Guanajuato,2008,36.2,Carencias sociales
Guanajuato,2010,28.9,Carencias sociales
Guanajuato,2012,32.6,Carencias sociales
Guanajuato,2014,27.7,Carencias sociales
Guanajuato,2016,31.4,Carencias sociales
Guanajuato,2018,29.4,Carencias sociales
Guanajuato,2020,28.2,Carencias sociales
Guanajuato,2008,25.8,Rezago Educativo
Guanajuato,2010,23.6,Rezago Educativo
Guanajuato,2012,23.9,Rezago Educativo
Guanajuato,2014,21,Rezago Educativo
Guanajuato,2016,21.7,Rezago Educativo
Guanajuato,2018,22.2,Rezago Educativo
Guanajuato,2020,23.2,Rezago Educativo
Guanajuato,2008,69.77,Cobertura Preescolar
Guanajuato,2010,66.57,Cobertura Preescolar
Guanajuato,2012,68.29,Cobertura Preescolar
Guanajuato,2014,69.94,Cobertura Preescolar
Guanajuato,2016,74.28,Cobertura Preescolar
Guanajuato,2018,71.99,Cobertura Preescolar
Guanajuato,2020,66.79,Cobertura Preescolar
Guanajuato,2008,102.68,Cobertura Primaria
Guanajuato,2010,102.59,Cobertura Primaria
Guanajuato,2012,101.72,Cobertura Primaria
Guanajuato,2014,97.89,Cobertura Primaria
Guanajuato,2016,97.01,Cobertura Primaria
Guanajuato,2018,97.91,Cobertura Primaria
Guanajuato,2020,96.51,Cobertura Primaria
Guanajuato,2008,77.46,Cobertura Secundaria
Guanajuato,2010,82.15,Cobertura Secundaria
Guanajuato,2012,88.19,Cobertura Secundaria
Guanajuato,2014,91.16,Cobertura Secundaria
Guanajuato,2016,90.35,Cobertura Secundaria
Guanajuato,2018,82.41,Cobertura Secundaria
Guanajuato,2020,81.97,Cobertura Secundaria
Guanajuato,2008,38.7,Cobertura Educación Media
Guanajuato,2010,43.65,Cobertura Educación Media
Guanajuato,2012,47.35,Cobertura Educación Media
Guanajuato,2014,49.84,Cobertura Educación Media
Guanajuato,2016,55.79,Cobertura Educación Media
Guanajuato,2018,61.17,Cobertura Educación Media
Guanajuato,2020,56.79,Cobertura Educación Media
Guanajuato,2008,15.77,Cobertura Educación Superior
Guanajuato,2010,16.95,Cobertura Educación Superior
Guanajuato,2012,18.23,Cobertura Educación Superior
Guanajuato,2014,19.11,Cobertura Educación Superior
Guanajuato,2016,22.95,Cobertura Educación Superior
Guanajuato,2018,26.09,Cobertura Educación Superior
Guanajuato,2020,26.82,Cobertura Educación Superior
Guerrero,2008,68.4,Pobreza
Guerrero,2010,67.6,Pobreza
Guerrero,2012,69.7,Pobreza
Guerrero,2014,65.2,Pobreza
Guerrero,2016,66.8,Pobreza
Guerrero,2018,67.9,Pobreza
Guerrero,2020,66.4,Pobreza
Guerrero,2008,22.8,Carencias sociales
Guerrero,2010,23,Carencias sociales
Guerrero,2012,21.7,Carencias sociales
Guerrero,2014,26.2,Carencias sociales
Guerrero,2016,20.6,Carencias sociales
Guerrero,2018,20.2,Carencias sociales
Guerrero,2020,21.7,Carencias sociales
Guerrero,2008,28.5,Rezago Educativo
Guerrero,2010,28.4,Rezago Educativo
Guerrero,2012,26.8,Rezago Educativo
Guerrero,2014,26.8,Rezago Educativo
Guerrero,2016,26,Rezago Educativo
Guerrero,2018,25.8,Rezago Educativo
Guerrero,2020,26.6,Rezago Educativo
Guerrero,2008,79.12,Cobertura Preescolar
Guerrero,2010,79.38,Cobertura Preescolar
Guerrero,2012,81.17,Cobertura Preescolar
Guerrero,2014,85.1,Cobertura Preescolar
Guerrero,2016,87.83,Cobertura Preescolar
Guerrero,2018,83.51,Cobertura Preescolar
Guerrero,2020,80.16,Cobertura Preescolar
Guerrero,2008,102.04,Cobertura Primaria
Guerrero,2010,102.07,Cobertura Primaria
Guerrero,2012,100.54,Cobertura Primaria
Guerrero,2014,98.5,Cobertura Primaria
Guerrero,2016,97.54,Cobertura Primaria
Guerrero,2018,96.45,Cobertura Primaria
Guerrero,2020,96.37,Cobertura Primaria
Guerrero,2008,73.09,Cobertura Secundaria
Guerrero,2010,73.77,Cobertura Secundaria
Guerrero,2012,75.39,Cobertura Secundaria
Guerrero,2014,82.07,Cobertura Secundaria
Guerrero,2016,81.38,Cobertura Secundaria
Guerrero,2018,78.78,Cobertura Secundaria
Guerrero,2020,76.66,Cobertura Secundaria
Guerrero,2008,38.29,Cobertura Educación Media
Guerrero,2010,41.44,Cobertura Educación Media
Guerrero,2012,45.3,Cobertura Educación Media
Guerrero,2014,50.45,Cobertura Educación Media
Guerrero,2016,55.22,Cobertura Educación Media
Guerrero,2018,56.64,Cobertura Educación Media
Guerrero,2020,57.5,Cobertura Educación Media
Guerrero,2008,15.01,Cobertura Educación Superior
Guerrero,2010,16.13,Cobertura Educación Superior
Guerrero,2012,17.06,Cobertura Educación Superior
Guerrero,2014,18.07,Cobertura Educación Superior
Guerrero,2016,20.52,Cobertura Educación Superior
Guerrero,2018,21.95,Cobertura Educación Superior
Guerrero,2020,22.48,Cobertura Educación Superior
Hidalgo,2008,55.2,Pobreza
Hidalgo,2010,54.7,Pobreza
Hidalgo,2012,52.8,Pobreza
Hidalgo,2014,54.3,Pobreza
Hidalgo,2016,56.9,Pobreza
Hidalgo,2018,49.9,Pobreza
Hidalgo,2020,50.8,Pobreza
Hidalgo,2008,30.5,Carencias sociales
Hidalgo,2010,27.5,Carencias sociales
Hidalgo,2012,30.7,Carencias sociales
Hidalgo,2014,25.8,Carencias sociales
Hidalgo,2016,24,Carencias sociales
Hidalgo,2018,31.4,Carencias sociales
Hidalgo,2020,26.8,Carencias sociales
Hidalgo,2008,23.7,Rezago Educativo
Hidalgo,2010,23.4,Rezago Educativo
Hidalgo,2012,20.6,Rezago Educativo
Hidalgo,2014,19.1,Rezago Educativo
Hidalgo,2016,19.9,Rezago Educativo
Hidalgo,2018,19.7,Rezago Educativo
Hidalgo,2020,18.9,Rezago Educativo
Hidalgo,2008,70.96,Cobertura Preescolar
Hidalgo,2010,71.49,Cobertura Preescolar
Hidalgo,2012,73.22,Cobertura Preescolar
Hidalgo,2014,73.11,Cobertura Preescolar
Hidalgo,2016,73.99,Cobertura Preescolar
Hidalgo,2018,72.59,Cobertura Preescolar
Hidalgo,2020,63.72,Cobertura Preescolar
Hidalgo,2008,98.78,Cobertura Primaria
Hidalgo,2010,100.84,Cobertura Primaria
Hidalgo,2012,101.41,Cobertura Primaria
Hidalgo,2014,100.14,Cobertura Primaria
Hidalgo,2016,99.77,Cobertura Primaria
Hidalgo,2018,100.2,Cobertura Primaria
Hidalgo,2020,97.71,Cobertura Primaria
Hidalgo,2008,85.83,Cobertura Secundaria
Hidalgo,2010,81.53,Cobertura Secundaria
Hidalgo,2012,84.99,Cobertura Secundaria
Hidalgo,2014,90.13,Cobertura Secundaria
Hidalgo,2016,91.3,Cobertura Secundaria
Hidalgo,2018,90.36,Cobertura Secundaria
Hidalgo,2020,90.47,Cobertura Secundaria
Hidalgo,2008,52.27,Cobertura Educación Media
Hidalgo,2010,55.96,Cobertura Educación Media
Hidalgo,2012,58,Cobertura Educación Media
Hidalgo,2014,62.82,Cobertura Educación Media
Hidalgo,2016,70.31,Cobertura Educación Media
Hidalgo,2018,72.98,Cobertura Educación Media
Hidalgo,2020,73.01,Cobertura Educación Media
Hidalgo,2008,23.64,Cobertura Educación Superior
Hidalgo,2010,25.53,Cobertura Educación Superior
Hidalgo,2012,28.77,Cobertura Educación Superior
Hidalgo,2014,32.58,Cobertura Educación Superior
Hidalgo,2016,35.58,Cobertura Educación Superior
Hidalgo,2018,38.77,Cobertura Educación Superior
Hidalgo,2020,39.59,Cobertura Educación Superior
Jalisco,2008,36.7,Pobreza
Jalisco,2010,37,Pobreza
Jalisco,2012,39.8,Pobreza
Jalisco,2014,35.4,Pobreza
Jalisco,2016,30.5,Pobreza
Jalisco,2018,27.8,Pobreza
Jalisco,2020,31.4,Pobreza
Jalisco,2008,35.9,Carencias sociales
Jalisco,2010,33.7,Carencias sociales
Jalisco,2012,28.3,Carencias sociales
Jalisco,2014,29.6,Carencias sociales
Jalisco,2016,31.6,Carencias sociales
Jalisco,2018,34,Carencias sociales
Jalisco,2020,28.4,Carencias sociales
Jalisco,2008,21.6,Rezago Educativo
Jalisco,2010,20.6,Rezago Educativo
Jalisco,2012,18.4,Rezago Educativo
Jalisco,2014,17.7,Rezago Educativo
Jalisco,2016,17.9,Rezago Educativo
Jalisco,2018,19.3,Rezago Educativo
Jalisco,2020,18.5,Rezago Educativo
Jalisco,2008,69.29,Cobertura Preescolar
Jalisco,2010,68.76,Cobertura Preescolar
Jalisco,2012,69.6,Cobertura Preescolar
Jalisco,2014,70.43,Cobertura Preescolar
Jalisco,2016,72.03,Cobertura Preescolar
Jalisco,2018,71.28,Cobertura Preescolar
Jalisco,2020,64.88,Cobertura Preescolar
Jalisco,2008,99.5,Cobertura Primaria
Jalisco,2010,102.09,Cobertura Primaria
Jalisco,2012,100.22,Cobertura Primaria
Jalisco,2014,96.9,Cobertura Primaria
Jalisco,2016,96.16,Cobertura Primaria
Jalisco,2018,97.83,Cobertura Primaria
Jalisco,2020,98.12,Cobertura Primaria
Jalisco,2008,75.95,Cobertura Secundaria
Jalisco,2010,77.96,Cobertura Secundaria
Jalisco,2012,82.86,Cobertura Secundaria
Jalisco,2014,88.89,Cobertura Secundaria
Jalisco,2016,83.9,Cobertura Secundaria
Jalisco,2018,80.87,Cobertura Secundaria
Jalisco,2020,81.45,Cobertura Secundaria
Jalisco,2008,40.91,Cobertura Educación Media
Jalisco,2010,44,Cobertura Educación Media
Jalisco,2012,45.1,Cobertura Educación Media
Jalisco,2014,49.97,Cobertura Educación Media
Jalisco,2016,54.07,Cobertura Educación Media
Jalisco,2018,54.99,Cobertura Educación Media
Jalisco,2020,56.09,Cobertura Educación Media
Jalisco,2008,24.3,Cobertura Educación Superior
Jalisco,2010,25.5,Cobertura Educación Superior
Jalisco,2012,27.29,Cobertura Educación Superior
Jalisco,2014,29.35,Cobertura Educación Superior
Jalisco,2016,30.11,Cobertura Educación Superior
Jalisco,2018,31.63,Cobertura Educación Superior
Jalisco,2020,32.58,Cobertura Educación Superior
México,2008,43.6,Pobreza
México,2010,42.9,Pobreza
México,2012,45.3,Pobreza
México,2014,49.6,Pobreza
México,2016,46.6,Pobreza
México,2018,41.8,Pobreza
México,2020,48.9,Pobreza
México,2008,35.6,Carencias sociales
México,2010,32.2,Carencias sociales
México,2012,29.5,Carencias sociales
México,2014,23.7,Carencias sociales
México,2016,20.8,Carencias sociales
México,2018,26.3,Carencias sociales
México,2020,18.1,Carencias sociales
México,2008,18.7,Rezago Educativo
México,2010,18.5,Rezago Educativo
México,2012,15.4,Rezago Educativo
México,2014,15.3,Rezago Educativo
México,2016,14.8,Rezago Educativo
México,2018,14.7,Rezago Educativo
México,2020,14.1,Rezago Educativo
México,2008,62.17,Cobertura Preescolar
México,2010,63.37,Cobertura Preescolar
México,2012,65.01,Cobertura Preescolar
México,2014,66.3,Cobertura Preescolar
México,2016,69.1,Cobertura Preescolar
México,2018,66.67,Cobertura Preescolar
México,2020,57.22,Cobertura Preescolar
México,2008,99.8,Cobertura Primaria
México,2010,101.56,Cobertura Primaria
México,2012,102.45,Cobertura Primaria
México,2014,102.82,Cobertura Primaria
México,2016,103,Cobertura Primaria
México,2018,102.42,Cobertura Primaria
México,2020,98.48,Cobertura Primaria
México,2008,79.21,Cobertura Secundaria
México,2010,78.71,Cobertura Secundaria
México,2012,83.28,Cobertura Secundaria
México,2014,88.36,Cobertura Secundaria
México,2016,88.71,Cobertura Secundaria
México,2018,88.76,Cobertura Secundaria
México,2020,88.35,Cobertura Secundaria
México,2008,42.82,Cobertura Educación Media
México,2010,45.93,Cobertura Educación Media
México,2012,48.47,Cobertura Educación Media
México,2014,54.39,Cobertura Educación Media
México,2016,60.03,Cobertura Educación Media
México,2018,62.23,Cobertura Educación Media
México,2020,62.9,Cobertura Educación Media
México,2008,18.3,Cobertura Educación Superior
México,2010,20.59,Cobertura Educación Superior
México,2012,23.12,Cobertura Educación Superior
México,2014,25.2,Cobertura Educación Superior
México,2016,27.52,Cobertura Educación Superior
México,2018,29.55,Cobertura Educación Superior
México,2020,28.73,Cobertura Educación Superior
Michoacán de Ocampo,2008,55.5,Pobreza
Michoacán de Ocampo,2010,54.7,Pobreza
Michoacán de Ocampo,2012,54.4,Pobreza
Michoacán de Ocampo,2014,59.2,Pobreza
Michoacán de Ocampo,2016,54.2,Pobreza
Michoacán de Ocampo,2018,46.2,Pobreza
Michoacán de Ocampo,2020,44.5,Pobreza
Michoacán de Ocampo,2008,31.4,Carencias sociales
Michoacán de Ocampo,2010,28.6,Carencias sociales
Michoacán de Ocampo,2012,30.7,Carencias sociales
Michoacán de Ocampo,2014,25,Carencias sociales
Michoacán de Ocampo,2016,27.8,Carencias sociales
Michoacán de Ocampo,2018,32.9,Carencias sociales
Michoacán de Ocampo,2020,33.9,Carencias sociales
Michoacán de Ocampo,2008,31.9,Rezago Educativo
Michoacán de Ocampo,2010,30.6,Rezago Educativo
Michoacán de Ocampo,2012,26.1,Rezago Educativo
Michoacán de Ocampo,2014,27.6,Rezago Educativo
Michoacán de Ocampo,2016,28.4,Rezago Educativo
Michoacán de Ocampo,2018,27,Rezago Educativo
Michoacán de Ocampo,2020,29.4,Rezago Educativo
Michoacán de Ocampo,2008,64.75,Cobertura Preescolar
Michoacán de Ocampo,2010,67.75,Cobertura Preescolar
Michoacán de Ocampo,2012,69.56,Cobertura Preescolar
Michoacán de Ocampo,2014,73.04,Cobertura Preescolar
Michoacán de Ocampo,2016,74.88,Cobertura Preescolar
Michoacán de Ocampo,2018,75.62,Cobertura Preescolar
Michoacán de Ocampo,2020,68.89,Cobertura Preescolar
Michoacán de Ocampo,2008,96.67,Cobertura Primaria
Michoacán de Ocampo,2010,94.69,Cobertura Primaria
Michoacán de Ocampo,2012,92.82,Cobertura Primaria
Michoacán de Ocampo,2014,94.71,Cobertura Primaria
Michoacán de Ocampo,2016,94.41,Cobertura Primaria
Michoacán de Ocampo,2018,95.16,Cobertura Primaria
Michoacán de Ocampo,2020,92.75,Cobertura Primaria
Michoacán de Ocampo,2008,72.23,Cobertura Secundaria
Michoacán de Ocampo,2010,72.72,Cobertura Secundaria
Michoacán de Ocampo,2012,74.11,Cobertura Secundaria
Michoacán de Ocampo,2014,77.53,Cobertura Secundaria
Michoacán de Ocampo,2016,77.02,Cobertura Secundaria
Michoacán de Ocampo,2018,76.24,Cobertura Secundaria
Michoacán de Ocampo,2020,73.76,Cobertura Secundaria
Michoacán de Ocampo,2008,36.11,Cobertura Educación Media
Michoacán de Ocampo,2010,39.45,Cobertura Educación Media
Michoacán de Ocampo,2012,45.05,Cobertura Educación Media
Michoacán de Ocampo,2014,50.11,Cobertura Educación Media
Michoacán de Ocampo,2016,52.49,Cobertura Educación Media
Michoacán de Ocampo,2018,52.06,Cobertura Educación Media
Michoacán de Ocampo,2020,50.2,Cobertura Educación Media
Michoacán de Ocampo,2008,18.28,Cobertura Educación Superior
Michoacán de Ocampo,2010,19.85,Cobertura Educación Superior
Michoacán de Ocampo,2012,21.74,Cobertura Educación Superior
Michoacán de Ocampo,2014,21.96,Cobertura Educación Superior
Michoacán de Ocampo,2016,24.01,Cobertura Educación Superior
Michoacán de Ocampo,2018,25.88,Cobertura Educación Superior
Michoacán de Ocampo,2020,26.22,Cobertura Educación Superior
Morelos,2008,48.8,Pobreza
Morelos,2010,43.2,Pobreza
Morelos,2012,45.5,Pobreza
Morelos,2014,52.3,Pobreza
Morelos,2016,46.7,Pobreza
Morelos,2018,48.5,Pobreza
Morelos,2020,50.9,Pobreza
Morelos,2008,34.1,Carencias sociales
Morelos,2010,33.6,Carencias sociales
Morelos,2012,32,Carencias sociales
Morelos,2014,25.7,Carencias sociales
Morelos,2016,26.3,Carencias sociales
Morelos,2018,28.8,Carencias sociales
Morelos,2020,23.7,Carencias sociales
Morelos,2008,21.6,Rezago Educativo
Morelos,2010,19.3,Rezago Educativo
Morelos,2012,19.2,Rezago Educativo
Morelos,2014,16.6,Rezago Educativo
Morelos,2016,17.5,Rezago Educativo
Morelos,2018,19.3,Rezago Educativo
Morelos,2020,17.7,Rezago Educativo
Morelos,2008,63.31,Cobertura Preescolar
Morelos,2010,66.39,Cobertura Preescolar
Morelos,2012,67.57,Cobertura Preescolar
Morelos,2014,68.13,Cobertura Preescolar
Morelos,2016,69.37,Cobertura Preescolar
Morelos,2018,66.79,Cobertura Preescolar
Morelos,2020,56.49,Cobertura Preescolar
Morelos,2008,100.16,Cobertura Primaria
Morelos,2010,102.55,Cobertura Primaria
Morelos,2012,102.2,Cobertura Primaria
Morelos,2014,98.53,Cobertura Primaria
Morelos,2016,97.69,Cobertura Primaria
Morelos,2018,96.65,Cobertura Primaria
Morelos,2020,94.11,Cobertura Primaria
Morelos,2008,84.68,Cobertura Secundaria
Morelos,2010,84.31,Cobertura Secundaria
Morelos,2012,87.51,Cobertura Secundaria
Morelos,2014,91.45,Cobertura Secundaria
Morelos,2016,85.88,Cobertura Secundaria
Morelos,2018,85.38,Cobertura Secundaria
Morelos,2020,84.94,Cobertura Secundaria
Morelos,2008,51.76,Cobertura Educación Media
Morelos,2010,54.99,Cobertura Educación Media
Morelos,2012,55.86,Cobertura Educación Media
Morelos,2014,59.08,Cobertura Educación Media
Morelos,2016,65.6,Cobertura Educación Media
Morelos,2018,65.06,Cobertura Educación Media
Morelos,2020,60.44,Cobertura Educación Media
Morelos,2008,23.51,Cobertura Educación Superior
Morelos,2010,24.05,Cobertura Educación Superior
Morelos,2012,27.43,Cobertura Educación Superior
Morelos,2014,29.27,Cobertura Educación Superior
Morelos,2016,32.16,Cobertura Educación Superior
Morelos,2018,34.52,Cobertura Educación Superior
Morelos,2020,35.47,Cobertura Educación Superior
Nayarit,2008,41.7,Pobreza
Nayarit,2010,41.4,Pobreza
Nayarit,2012,47.6,Pobreza
Nayarit,2014,40.5,Pobreza
Nayarit,2016,38.1,Pobreza
Nayarit,2018,35.7,Pobreza
Nayarit,2020,30.4,Pobreza
Nayarit,2008,34.5,Carencias sociales
Nayarit,2010,33.4,Carencias sociales
Nayarit,2012,28.2,Carencias sociales
Nayarit,2014,29.4,Carencias sociales
Nayarit,2016,29.5,Carencias sociales
Nayarit,2018,31.7,Carencias sociales
Nayarit,2020,35.4,Carencias sociales
Nayarit,2008,21.3,Rezago Educativo
Nayarit,2010,20.2,Rezago Educativo
Nayarit,2012,19.3,Rezago Educativo
Nayarit,2014,17.4,Rezago Educativo
Nayarit,2016,17.7,Rezago Educativo
Nayarit,2018,19.2,Rezago Educativo
Nayarit,2020,18.3,Rezago Educativo
Nayarit,2008,68.07,Cobertura Preescolar
Nayarit,2010,67.81,Cobertura Preescolar
Nayarit,2012,69.96,Cobertura Preescolar
Nayarit,2014,67.62,Cobertura Preescolar
Nayarit,2016,68.76,Cobertura Preescolar
Nayarit,2018,64.56,Cobertura Preescolar
Nayarit,2020,61.99,Cobertura Preescolar
Nayarit,2008,97.67,Cobertura Primaria
Nayarit,2010,98.33,Cobertura Primaria
Nayarit,2012,97.23,Cobertura Primaria
Nayarit,2014,93.17,Cobertura Primaria
Nayarit,2016,91.99,Cobertura Primaria
Nayarit,2018,91.58,Cobertura Primaria
Nayarit,2020,90.23,Cobertura Primaria
Nayarit,2008,84.03,Cobertura Secundaria
Nayarit,2010,82.52,Cobertura Secundaria
Nayarit,2012,86.12,Cobertura Secundaria
Nayarit,2014,86.94,Cobertura Secundaria
Nayarit,2016,81.5,Cobertura Secundaria
Nayarit,2018,79.62,Cobertura Secundaria
Nayarit,2020,80.98,Cobertura Secundaria
Nayarit,2008,49.48,Cobertura Educación Media
Nayarit,2010,54.4,Cobertura Educación Media
Nayarit,2012,57.11,Cobertura Educación Media
Nayarit,2014,60.95,Cobertura Educación Media
Nayarit,2016,65.49,Cobertura Educación Media
Nayarit,2018,63.66,Cobertura Educación Media
Nayarit,2020,60.74,Cobertura Educación Media
Nayarit,2008,27.38,Cobertura Educación Superior
Nayarit,2010,29.26,Cobertura Educación Superior
Nayarit,2012,28.87,Cobertura Educación Superior
Nayarit,2014,29.87,Cobertura Educación Superior
Nayarit,2016,30.42,Cobertura Educación Superior
Nayarit,2018,30.46,Cobertura Educación Superior
Nayarit,2020,30.04,Cobertura Educación Superior
Nuevo León,2008,21.4,Pobreza
Nuevo León,2010,21,Pobreza
Nuevo León,2012,23.2,Pobreza
Nuevo León,2014,20.4,Pobreza
Nuevo León,2016,18.8,Pobreza
Nuevo León,2018,19.4,Pobreza
Nuevo León,2020,24.3,Pobreza
Nuevo León,2008,36.5,Carencias sociales
Nuevo León,2010,31.6,Carencias sociales
Nuevo León,2012,29.1,Carencias sociales
Nuevo León,2014,28,Carencias sociales
Nuevo León,2016,28,Carencias sociales
Nuevo León,2018,25.3,Carencias sociales
Nuevo León,2020,24.5,Carencias sociales
Nuevo León,2008,15,Rezago Educativo
Nuevo León,2010,13.1,Rezago Educativo
Nuevo León,2012,12.7,Rezago Educativo
Nuevo León,2014,10.8,Rezago Educativo
Nuevo León,2016,12.2,Rezago Educativo
Nuevo León,2018,13.4,Rezago Educativo
Nuevo León,2020,14.4,Rezago Educativo
Nuevo León,2008,75.42,Cobertura Preescolar
Nuevo León,2010,73.56,Cobertura Preescolar
Nuevo León,2012,74.25,Cobertura Preescolar
Nuevo León,2014,73.85,Cobertura Preescolar
Nuevo León,2016,74.35,Cobertura Preescolar
Nuevo León,2018,74.1,Cobertura Preescolar
Nuevo León,2020,69.61,Cobertura Preescolar
Nuevo León,2008,104.6,Cobertura Primaria
Nuevo León,2010,103.86,Cobertura Primaria
Nuevo León,2012,101.06,Cobertura Primaria
Nuevo León,2014,95.45,Cobertura Primaria
Nuevo León,2016,95.88,Cobertura Primaria
Nuevo León,2018,98.19,Cobertura Primaria
Nuevo León,2020,98.56,Cobertura Primaria
Nuevo León,2008,82.78,Cobertura Secundaria
Nuevo León,2010,87.57,Cobertura Secundaria
Nuevo León,2012,92.75,Cobertura Secundaria
Nuevo León,2014,95.14,Cobertura Secundaria
Nuevo León,2016,88.5,Cobertura Secundaria
Nuevo León,2018,83.66,Cobertura Secundaria
Nuevo León,2020,86.86,Cobertura Secundaria
Nuevo León,2008,44.9,Cobertura Educación Media
Nuevo León,2010,44.14,Cobertura Educación Media
Nuevo León,2012,47.63,Cobertura Educación Media
Nuevo León,2014,50.5,Cobertura Educación Media
Nuevo León,2016,55.3,Cobertura Educación Media
Nuevo León,2018,55.92,Cobertura Educación Media
Nuevo León,2020,54.01,Cobertura Educación Media
Nuevo León,2008,33.32,Cobertura Educación Superior
Nuevo León,2010,34.36,Cobertura Educación Superior
Nuevo León,2012,36.24,Cobertura Educación Superior
Nuevo León,2014,35.94,Cobertura Educación Superior
Nuevo León,2016,38.91,Cobertura Educación Superior
Nuevo León,2018,42.61,Cobertura Educación Superior
Nuevo León,2020,46.94,Cobertura Educación Superior
Oaxaca,2008,61.8,Pobreza
Oaxaca,2010,67,Pobreza
Oaxaca,2012,61.9,Pobreza
Oaxaca,2014,66.8,Pobreza
Oaxaca,2016,68,Pobreza
Oaxaca,2018,64.3,Pobreza
Oaxaca,2020,61.7,Pobreza
Oaxaca,2008,26.8,Carencias sociales
Oaxaca,2010,22.2,Carencias sociales
Oaxaca,2012,26.1,Carencias sociales
Oaxaca,2014,23.3,Carencias sociales
Oaxaca,2016,21.8,Carencias sociales
Oaxaca,2018,23.4,Carencias sociales
Oaxaca,2020,25.3,Carencias sociales
Oaxaca,2008,30.6,Rezago Educativo
Oaxaca,2010,30,Rezago Educativo
Oaxaca,2012,27.7,Rezago Educativo
Oaxaca,2014,27.2,Rezago Educativo
Oaxaca,2016,28.5,Rezago Educativo
Oaxaca,2018,29.6,Rezago Educativo
Oaxaca,2020,29.6,Rezago Educativo
Oaxaca,2008,70.71,Cobertura Preescolar
Oaxaca,2010,74.67,Cobertura Preescolar
Oaxaca,2012,80.53,Cobertura Preescolar
Oaxaca,2014,82.97,Cobertura Preescolar
Oaxaca,2016,86.58,Cobertura Preescolar
Oaxaca,2018,69.11,Cobertura Preescolar
Oaxaca,2020,69.44,Cobertura Preescolar
Oaxaca,2008,100.58,Cobertura Primaria
Oaxaca,2010,101.23,Cobertura Primaria
Oaxaca,2012,101.1,Cobertura Primaria
Oaxaca,2014,99.66,Cobertura Primaria
Oaxaca,2016,101.22,Cobertura Primaria
Oaxaca,2018,99.77,Cobertura Primaria
Oaxaca,2020,95.04,Cobertura Primaria
Oaxaca,2008,74.02,Cobertura Secundaria
Oaxaca,2010,73.65,Cobertura Secundaria
Oaxaca,2012,76.1,Cobertura Secundaria
Oaxaca,2014,80.03,Cobertura Secundaria
Oaxaca,2016,81.28,Cobertura Secundaria
Oaxaca,2018,83.2,Cobertura Secundaria
Oaxaca,2020,82.26,Cobertura Secundaria
Oaxaca,2008,44,Cobertura Educación Media
Oaxaca,2010,45.06,Cobertura Educación Media
Oaxaca,2012,48.23,Cobertura Educación Media
Oaxaca,2014,51.5,Cobertura Educación Media
Oaxaca,2016,55.77,Cobertura Educación Media
Oaxaca,2018,54.8,Cobertura Educación Media
Oaxaca,2020,53.54,Cobertura Educación Media
Oaxaca,2008,16.36,Cobertura Educación Superior
Oaxaca,2010,16.07,Cobertura Educación Superior
Oaxaca,2012,17.05,Cobertura Educación Superior
Oaxaca,2014,18.07,Cobertura Educación Superior
Oaxaca,2016,18.65,Cobertura Educación Superior
Oaxaca,2018,20.01,Cobertura Educación Superior
Oaxaca,2020,20.32,Cobertura Educación Superior
Puebla,2008,64.6,Pobreza
Puebla,2010,61.5,Pobreza
Puebla,2012,64.5,Pobreza
Puebla,2014,64.5,Pobreza
Puebla,2016,58.1,Pobreza
Puebla,2018,58,Pobreza
Puebla,2020,62.4,Pobreza
Puebla,2008,22.6,Carencias sociales
Puebla,2010,21.6,Carencias sociales
Puebla,2012,22,Carencias sociales
Puebla,2014,19.8,Carencias sociales
Puebla,2016,22,Carencias sociales
Puebla,2018,22.2,Carencias sociales
Puebla,2020,17.9,Carencias sociales
Puebla,2008,25.7,Rezago Educativo
Puebla,2010,25.3,Rezago Educativo
Puebla,2012,24.1,Rezago Educativo
Puebla,2014,22.9,Rezago Educativo
Puebla,2016,21.1,Rezago Educativo
Puebla,2018,21.3,Rezago Educativo
Puebla,2020,23.2,Rezago Educativo
Puebla,2008,74.91,Cobertura Preescolar
Puebla,2010,71.62,Cobertura Preescolar
Puebla,2012,74.05,Cobertura Preescolar
Puebla,2014,77.93,Cobertura Preescolar
Puebla,2016,83.01,Cobertura Preescolar
Puebla,2018,81.56,Cobertura Preescolar
Puebla,2020,72.43,Cobertura Preescolar
Puebla,2008,100.9,Cobertura Primaria
Puebla,2010,103.04,Cobertura Primaria
Puebla,2012,103.06,Cobertura Primaria
Puebla,2014,100.58,Cobertura Primaria
Puebla,2016,98.43,Cobertura Primaria
Puebla,2018,99.65,Cobertura Primaria
Puebla,2020,98.37,Cobertura Primaria
Puebla,2008,76.94,Cobertura Secundaria
Puebla,2010,78.16,Cobertura Secundaria
Puebla,2012,82.8,Cobertura Secundaria
Puebla,2014,89.39,Cobertura Secundaria
Puebla,2016,90.74,Cobertura Secundaria
Puebla,2018,84.05,Cobertura Secundaria
Puebla,2020,81.56,Cobertura Secundaria
Puebla,2008,48.76,Cobertura Educación Media
Puebla,2010,52.38,Cobertura Educación Media
Puebla,2012,56.09,Cobertura Educación Media
Puebla,2014,59.96,Cobertura Educación Media
Puebla,2016,66.01,Cobertura Educación Media
Puebla,2018,68.63,Cobertura Educación Media
Puebla,2020,64.63,Cobertura Educación Media
Puebla,2008,24.64,Cobertura Educación Superior
Puebla,2010,29.2,Cobertura Educación Superior
Puebla,2012,31.22,Cobertura Educación Superior
Puebla,2014,32.69,Cobertura Educación Superior
Puebla,2016,36.26,Cobertura Educación Superior
Puebla,2018,39.6,Cobertura Educación Superior
Puebla,2020,38.93,Cobertura Educación Superior
Querétaro,2008,35.2,Pobreza
Querétaro,2010,41.4,Pobreza
Querétaro,2012,36.9,Pobreza
Querétaro,2014,34.2,Pobreza
Querétaro,2016,29.7,Pobreza
Querétaro,2018,26.4,Pobreza
Querétaro,2020,31.3,Pobreza
Querétaro,2008,35,Carencias sociales
Querétaro,2010,31.7,Carencias sociales
Querétaro,2012,32.6,Carencias sociales
Querétaro,2014,33.1,Carencias sociales
Querétaro,2016,31.3,Carencias sociales
Querétaro,2018,34.8,Carencias sociales
Querétaro,2020,30.5,Carencias sociales
Querétaro,2008,20.4,Rezago Educativo
Querétaro,2010,19.5,Rezago Educativo
Querétaro,2012,17.5,Rezago Educativo
Querétaro,2014,16.4,Rezago Educativo
Querétaro,2016,15.7,Rezago Educativo
Querétaro,2018,17.5,Rezago Educativo
Querétaro,2020,17,Rezago Educativo
Querétaro,2008,73.34,Cobertura Preescolar
Querétaro,2010,73.21,Cobertura Preescolar
Querétaro,2012,75.52,Cobertura Preescolar
Querétaro,2014,73.76,Cobertura Preescolar
Querétaro,2016,76.1,Cobertura Preescolar
Querétaro,2018,74.94,Cobertura Preescolar
Querétaro,2020,67.01,Cobertura Preescolar
Querétaro,2008,102.32,Cobertura Primaria
Querétaro,2010,103.23,Cobertura Primaria
Querétaro,2012,102.56,Cobertura Primaria
Querétaro,2014,99.34,Cobertura Primaria
Querétaro,2016,100.33,Cobertura Primaria
Querétaro,2018,102.85,Cobertura Primaria
Querétaro,2020,101.3,Cobertura Primaria
Querétaro,2008,82.61,Cobertura Secundaria
Querétaro,2010,82.39,Cobertura Secundaria
Querétaro,2012,85.07,Cobertura Secundaria
Querétaro,2014,90.55,Cobertura Secundaria
Querétaro,2016,86.78,Cobertura Secundaria
Querétaro,2018,85.31,Cobertura Secundaria
Querétaro,2020,88.74,Cobertura Secundaria
Querétaro,2008,45.37,Cobertura Educación Media
Querétaro,2010,49.84,Cobertura Educación Media
Querétaro,2012,51.63,Cobertura Educación Media
Querétaro,2014,57.23,Cobertura Educación Media
Querétaro,2016,63.03,Cobertura Educación Media
Querétaro,2018,63.84,Cobertura Educación Media
Querétaro,2020,61.54,Cobertura Educación Media
Querétaro,2008,22.9,Cobertura Educación Superior
Querétaro,2010,25.8,Cobertura Educación Superior
Querétaro,2012,28.1,Cobertura Educación Superior
Querétaro,2014,30.28,Cobertura Educación Superior
Querétaro,2016,33.37,Cobertura Educación Superior
Querétaro,2018,36.96,Cobertura Educación Superior
Querétaro,2020,40.57,Cobertura Educación Superior
Quintana Roo,2008,33.7,Pobreza
Quintana Roo,2010,34.6,Pobreza
Quintana Roo,2012,38.8,Pobreza
Quintana Roo,2014,35.9,Pobreza
Quintana Roo,2016,31.7,Pobreza
Quintana Roo,2018,30.2,Pobreza
Quintana Roo,2020,47.5,Pobreza
Quintana Roo,2008,38.4,Carencias sociales
Quintana Roo,2010,36.1,Carencias sociales
Quintana Roo,2012,30.4,Carencias sociales
Quintana Roo,2014,34.2,Carencias sociales
Quintana Roo,2016,33.3,Carencias sociales
Quintana Roo,2018,34.8,Carencias sociales
Quintana Roo,2020,21.5,Carencias sociales
Quintana Roo,2008,18.7,Rezago Educativo
Quintana Roo,2010,18.3,Rezago Educativo
Quintana Roo,2012,17.6,Rezago Educativo
Quintana Roo,2014,15.1,Rezago Educativo
Quintana Roo,2016,16,Rezago Educativo
Quintana Roo,2018,17,Rezago Educativo
Quintana Roo,2020,17.5,Rezago Educativo
Quintana Roo,2008,62.12,Cobertura Preescolar
Quintana Roo,2010,60.64,Cobertura Preescolar
Quintana Roo,2012,61.94,Cobertura Preescolar
Quintana Roo,2014,63.18,Cobertura Preescolar
Quintana Roo,2016,65.15,Cobertura Preescolar
Quintana Roo,2018,66.11,Cobertura Preescolar
Quintana Roo,2020,56.66,Cobertura Preescolar
Quintana Roo,2008,100.09,Cobertura Primaria
Quintana Roo,2010,95.97,Cobertura Primaria
Quintana Roo,2012,97.46,Cobertura Primaria
Quintana Roo,2014,95.66,Cobertura Primaria
Quintana Roo,2016,99.54,Cobertura Primaria
Quintana Roo,2018,102.96,Cobertura Primaria
Quintana Roo,2020,100.76,Cobertura Primaria
Quintana Roo,2008,78.81,Cobertura Secundaria
Quintana Roo,2010,78.97,Cobertura Secundaria
Quintana Roo,2012,77.99,Cobertura Secundaria
Quintana Roo,2014,84.82,Cobertura Secundaria
Quintana Roo,2016,84.89,Cobertura Secundaria
Quintana Roo,2018,84.64,Cobertura Secundaria
Quintana Roo,2020,88.23,Cobertura Secundaria
Quintana Roo,2008,44.81,Cobertura Educación Media
Quintana Roo,2010,46.32,Cobertura Educación Media
Quintana Roo,2012,50.63,Cobertura Educación Media
Quintana Roo,2014,56.01,Cobertura Educación Media
Quintana Roo,2016,59.42,Cobertura Educación Media
Quintana Roo,2018,63.59,Cobertura Educación Media
Quintana Roo,2020,62.31,Cobertura Educación Media
Quintana Roo,2008,15.53,Cobertura Educación Superior
Quintana Roo,2010,17.78,Cobertura Educación Superior
Quintana Roo,2012,19.02,Cobertura Educación Superior
Quintana Roo,2014,21.87,Cobertura Educación Superior
Quintana Roo,2016,23.23,Cobertura Educación Superior
Quintana Roo,2018,23.74,Cobertura Educación Superior
Quintana Roo,2020,24.46,Cobertura Educación Superior
San Luis Potosí,2008,50.9,Pobreza
San Luis Potosí,2010,52.4,Pobreza
San Luis Potosí,2012,50.5,Pobreza
San Luis Potosí,2014,49.1,Pobreza
San Luis Potosí,2016,44.1,Pobreza
San Luis Potosí,2018,42.1,Pobreza
San Luis Potosí,2020,42.8,Pobreza
San Luis Potosí,2008,25.4,Carencias sociales
San Luis Potosí,2010,20.9,Carencias sociales
San Luis Potosí,2012,24.7,Carencias sociales
San Luis Potosí,2014,24.3,Carencias sociales
San Luis Potosí,2016,24.5,Carencias sociales
San Luis Potosí,2018,26.2,Carencias sociales
San Luis Potosí,2020,25.1,Carencias sociales
San Luis Potosí,2008,23,Rezago Educativo
San Luis Potosí,2010,22.2,Rezago Educativo
San Luis Potosí,2012,21.2,Rezago Educativo
San Luis Potosí,2014,18.4,Rezago Educativo
San Luis Potosí,2016,18.8,Rezago Educativo
San Luis Potosí,2018,19.7,Rezago Educativo
San Luis Potosí,2020,19.2,Rezago Educativo
San Luis Potosí,2008,79.38,Cobertura Preescolar
San Luis Potosí,2010,78.74,Cobertura Preescolar
San Luis Potosí,2012,81.7,Cobertura Preescolar
San Luis Potosí,2014,81.45,Cobertura Preescolar
San Luis Potosí,2016,84.7,Cobertura Preescolar
San Luis Potosí,2018,84.15,Cobertura Preescolar
San Luis Potosí,2020,77.93,Cobertura Preescolar
San Luis Potosí,2008,102.02,Cobertura Primaria
San Luis Potosí,2010,103.17,Cobertura Primaria
San Luis Potosí,2012,102.19,Cobertura Primaria
San Luis Potosí,2014,99.13,Cobertura Primaria
San Luis Potosí,2016,98.16,Cobertura Primaria
San Luis Potosí,2018,98.61,Cobertura Primaria
San Luis Potosí,2020,98.37,Cobertura Primaria
San Luis Potosí,2008,84.7,Cobertura Secundaria
San Luis Potosí,2010,83.88,Cobertura Secundaria
San Luis Potosí,2012,86.67,Cobertura Secundaria
San Luis Potosí,2014,91.49,Cobertura Secundaria
San Luis Potosí,2016,91.07,Cobertura Secundaria
San Luis Potosí,2018,84.89,Cobertura Secundaria
San Luis Potosí,2020,83.64,Cobertura Secundaria
San Luis Potosí,2008,47.2,Cobertura Educación Media
San Luis Potosí,2010,50.62,Cobertura Educación Media
San Luis Potosí,2012,53.79,Cobertura Educación Media
San Luis Potosí,2014,56.87,Cobertura Educación Media
San Luis Potosí,2016,59.96,Cobertura Educación Media
San Luis Potosí,2018,61.47,Cobertura Educación Media
San Luis Potosí,2020,56.34,Cobertura Educación Media
San Luis Potosí,2008,21.82,Cobertura Educación Superior
San Luis Potosí,2010,23.38,Cobertura Educación Superior
San Luis Potosí,2012,25.25,Cobertura Educación Superior
San Luis Potosí,2014,27.1,Cobertura Educación Superior
San Luis Potosí,2016,28.8,Cobertura Educación Superior
San Luis Potosí,2018,29.49,Cobertura Educación Superior
San Luis Potosí,2020,30.26,Cobertura Educación Superior
Sinaloa,2008,32.4,Pobreza
Sinaloa,2010,36.7,Pobreza
Sinaloa,2012,36.3,Pobreza
Sinaloa,2014,39.4,Pobreza
Sinaloa,2016,30.5,Pobreza
Sinaloa,2018,31,Pobreza
Sinaloa,2020,28.1,Pobreza
Sinaloa,2008,40.9,Carencias sociales
Sinaloa,2010,33.3,Carencias sociales
Sinaloa,2012,33.5,Carencias sociales
Sinaloa,2014,30.4,Carencias sociales
Sinaloa,2016,30.6,Carencias sociales
Sinaloa,2018,31.7,Carencias sociales
Sinaloa,2020,32,Carencias sociales
Sinaloa,2008,21.2,Rezago Educativo
Sinaloa,2010,19.3,Rezago Educativo
Sinaloa,2012,18.4,Rezago Educativo
Sinaloa,2014,19.1,Rezago Educativo
Sinaloa,2016,16.5,Rezago Educativo
Sinaloa,2018,17.9,Rezago Educativo
Sinaloa,2020,16.8,Rezago Educativo
Sinaloa,2008,68.31,Cobertura Preescolar
Sinaloa,2010,70.28,Cobertura Preescolar
Sinaloa,2012,70.27,Cobertura Preescolar
Sinaloa,2014,67.85,Cobertura Preescolar
Sinaloa,2016,67.45,Cobertura Preescolar
Sinaloa,2018,68.43,Cobertura Preescolar
Sinaloa,2020,68.94,Cobertura Preescolar
Sinaloa,2008,98.91,Cobertura Primaria
Sinaloa,2010,99.55,Cobertura Primaria
Sinaloa,2012,97.1,Cobertura Primaria
Sinaloa,2014,94.74,Cobertura Primaria
Sinaloa,2016,92.93,Cobertura Primaria
Sinaloa,2018,93.65,Cobertura Primaria
Sinaloa,2020,93.95,Cobertura Primaria
Sinaloa,2008,84.7,Cobertura Secundaria
Sinaloa,2010,84.05,Cobertura Secundaria
Sinaloa,2012,83.68,Cobertura Secundaria
Sinaloa,2014,84.42,Cobertura Secundaria
Sinaloa,2016,83.45,Cobertura Secundaria
Sinaloa,2018,80.62,Cobertura Secundaria
Sinaloa,2020,83.99,Cobertura Secundaria
Sinaloa,2008,57.2,Cobertura Educación Media
Sinaloa,2010,62.32,Cobertura Educación Media
Sinaloa,2012,64.45,Cobertura Educación Media
Sinaloa,2014,67.1,Cobertura Educación Media
Sinaloa,2016,67.7,Cobertura Educación Media
Sinaloa,2018,70.26,Cobertura Educación Media
Sinaloa,2020,69.71,Cobertura Educación Media
Sinaloa,2008,31.21,Cobertura Educación Superior
Sinaloa,2010,31.89,Cobertura Educación Superior
Sinaloa,2012,36.61,Cobertura Educación Superior
Sinaloa,2014,40.29,Cobertura Educación Superior
Sinaloa,2016,43.52,Cobertura Educación Superior
Sinaloa,2018,45.71,Cobertura Educación Superior
Sinaloa,2020,47,Cobertura Educación Superior
Sonora,2008,27.1,Pobreza
Sonora,2010,33.1,Pobreza
Sonora,2012,29.1,Pobreza
Sonora,2014,29.4,Pobreza
Sonora,2016,27,Pobreza
Sonora,2018,26.7,Pobreza
Sonora,2020,29.9,Pobreza
Sonora,2008,38.7,Carencias sociales
Sonora,2010,31.6,Carencias sociales
Sonora,2012,36.6,Carencias sociales
Sonora,2014,32.1,Carencias sociales
Sonora,2016,29.8,Carencias sociales
Sonora,2018,28.9,Carencias sociales
Sonora,2020,26.1,Carencias sociales
Sonora,2008,16.1,Rezago Educativo
Sonora,2010,14,Rezago Educativo
Sonora,2012,13.6,Rezago Educativo
Sonora,2014,12.1,Rezago Educativo
Sonora,2016,13.4,Rezago Educativo
Sonora,2018,14,Rezago Educativo
Sonora,2020,15.6,Rezago Educativo
Sonora,2008,59,Cobertura Preescolar
Sonora,2010,60.56,Cobertura Preescolar
Sonora,2012,63.13,Cobertura Preescolar
Sonora,2014,61.58,Cobertura Preescolar
Sonora,2016,62.68,Cobertura Preescolar
Sonora,2018,61.69,Cobertura Preescolar
Sonora,2020,56.38,Cobertura Preescolar
Sonora,2008,101.37,Cobertura Primaria
Sonora,2010,101.77,Cobertura Primaria
Sonora,2012,100.53,Cobertura Primaria
Sonora,2014,95.29,Cobertura Primaria
Sonora,2016,94.1,Cobertura Primaria
Sonora,2018,92.7,Cobertura Primaria
Sonora,2020,91.18,Cobertura Primaria
Sonora,2008,84.12,Cobertura Secundaria
Sonora,2010,87.15,Cobertura Secundaria
Sonora,2012,91.64,Cobertura Secundaria
Sonora,2014,94.07,Cobertura Secundaria
Sonora,2016,83.86,Cobertura Secundaria
Sonora,2018,81.95,Cobertura Secundaria
Sonora,2020,85.28,Cobertura Secundaria
Sonora,2008,50.94,Cobertura Educación Media
Sonora,2010,57.62,Cobertura Educación Media
Sonora,2012,60.02,Cobertura Educación Media
Sonora,2014,62.28,Cobertura Educación Media
Sonora,2016,66.73,Cobertura Educación Media
Sonora,2018,65.16,Cobertura Educación Media
Sonora,2020,63.56,Cobertura Educación Media
Sonora,2008,32.55,Cobertura Educación Superior
Sonora,2010,34.67,Cobertura Educación Superior
Sonora,2012,37.67,Cobertura Educación Superior
Sonora,2014,38.01,Cobertura Educación Superior
Sonora,2016,39.84,Cobertura Educación Superior
Sonora,2018,40.11,Cobertura Educación Superior
Sonora,2020,44.52,Cobertura Educación Superior
Tabasco,2008,53.8,Pobreza
Tabasco,2010,57.1,Pobreza
Tabasco,2012,49.7,Pobreza
Tabasco,2014,49.6,Pobreza
Tabasco,2016,53.8,Pobreza
Tabasco,2018,56.4,Pobreza
Tabasco,2020,54.5,Pobreza
Tabasco,2008,33.8,Carencias sociales
Tabasco,2010,27.2,Carencias sociales
Tabasco,2012,34,Carencias sociales
Tabasco,2014,37.5,Carencias sociales
Tabasco,2016,30.3,Carencias sociales
Tabasco,2018,27.9,Carencias sociales
Tabasco,2020,25.9,Carencias sociales
Tabasco,2008,21.5,Rezago Educativo
Tabasco,2010,19.8,Rezago Educativo
Tabasco,2012,19.1,Rezago Educativo
Tabasco,2014,17,Rezago Educativo
Tabasco,2016,17.6,Rezago Educativo
Tabasco,2018,18,Rezago Educativo
Tabasco,2020,16.6,Rezago Educativo
Tabasco,2008,80.95,Cobertura Preescolar
Tabasco,2010,81.12,Cobertura Preescolar
Tabasco,2012,84.53,Cobertura Preescolar
Tabasco,2014,88.15,Cobertura Preescolar
Tabasco,2016,88.93,Cobertura Preescolar
Tabasco,2018,86.61,Cobertura Preescolar
Tabasco,2020,80.83,Cobertura Preescolar
Tabasco,2008,98.98,Cobertura Primaria
Tabasco,2010,99.21,Cobertura Primaria
Tabasco,2012,97.81,Cobertura Primaria
Tabasco,2014,98.08,Cobertura Primaria
Tabasco,2016,103.03,Cobertura Primaria
Tabasco,2018,98.48,Cobertura Primaria
Tabasco,2020,99.79,Cobertura Primaria
Tabasco,2008,83,Cobertura Secundaria
Tabasco,2010,81.04,Cobertura Secundaria
Tabasco,2012,83.89,Cobertura Secundaria
Tabasco,2014,90.81,Cobertura Secundaria
Tabasco,2016,85.88,Cobertura Secundaria
Tabasco,2018,90.96,Cobertura Secundaria
Tabasco,2020,88.34,Cobertura Secundaria
Tabasco,2008,60.3,Cobertura Educación Media
Tabasco,2010,60.27,Cobertura Educación Media
Tabasco,2012,62.07,Cobertura Educación Media
Tabasco,2014,64.44,Cobertura Educación Media
Tabasco,2016,70.92,Cobertura Educación Media
Tabasco,2018,70.59,Cobertura Educación Media
Tabasco,2020,71.07,Cobertura Educación Media
Tabasco,2008,28.03,Cobertura Educación Superior
Tabasco,2010,28.86,Cobertura Educación Superior
Tabasco,2012,29.73,Cobertura Educación Superior
Tabasco,2014,31.3,Cobertura Educación Superior
Tabasco,2016,31.71,Cobertura Educación Superior
Tabasco,2018,31.75,Cobertura Educación Superior
Tabasco,2020,30.31,Cobertura Educación Superior
Tamaulipas,2008,33.8,Pobreza
Tamaulipas,2010,39,Pobreza
Tamaulipas,2012,38.4,Pobreza
Tamaulipas,2014,37.9,Pobreza
Tamaulipas,2016,32,Pobreza
Tamaulipas,2018,34.5,Pobreza
Tamaulipas,2020,34.9,Pobreza
Tamaulipas,2008,33.1,Carencias sociales
Tamaulipas,2010,26.9,Carencias sociales
Tamaulipas,2012,26.8,Carencias sociales
Tamaulipas,2014,24.4,Carencias sociales
Tamaulipas,2016,27.2,Carencias sociales
Tamaulipas,2018,23.2,Carencias sociales
Tamaulipas,2020,21,Carencias sociales
Tamaulipas,2008,17.3,Rezago Educativo
Tamaulipas,2010,14.4,Rezago Educativo
Tamaulipas,2012,15.5,Rezago Educativo
Tamaulipas,2014,16,Rezago Educativo
Tamaulipas,2016,15.5,Rezago Educativo
Tamaulipas,2018,16.1,Rezago Educativo
Tamaulipas,2020,15.6,Rezago Educativo
Tamaulipas,2008,61.31,Cobertura Preescolar
Tamaulipas,2010,60.41,Cobertura Preescolar
Tamaulipas,2012,61.67,Cobertura Preescolar
Tamaulipas,2014,63.3,Cobertura Preescolar
Tamaulipas,2016,62.57,Cobertura Preescolar
Tamaulipas,2018,62.14,Cobertura Preescolar
Tamaulipas,2020,54.38,Cobertura Preescolar
Tamaulipas,2008,100.28,Cobertura Primaria
Tamaulipas,2010,99.63,Cobertura Primaria
Tamaulipas,2012,97.11,Cobertura Primaria
Tamaulipas,2014,94.37,Cobertura Primaria
Tamaulipas,2016,94.44,Cobertura Primaria
Tamaulipas,2018,94.21,Cobertura Primaria
Tamaulipas,2020,92.23,Cobertura Primaria
Tamaulipas,2008,80.77,Cobertura Secundaria
Tamaulipas,2010,80.27,Cobertura Secundaria
Tamaulipas,2012,82.47,Cobertura Secundaria
Tamaulipas,2014,85.22,Cobertura Secundaria
Tamaulipas,2016,79.68,Cobertura Secundaria
Tamaulipas,2018,79.1,Cobertura Secundaria
Tamaulipas,2020,81.78,Cobertura Secundaria
Tamaulipas,2008,48.67,Cobertura Educación Media
Tamaulipas,2010,52.99,Cobertura Educación Media
Tamaulipas,2012,55.08,Cobertura Educación Media
Tamaulipas,2014,58.57,Cobertura Educación Media
Tamaulipas,2016,64.81,Cobertura Educación Media
Tamaulipas,2018,63,Cobertura Educación Media
Tamaulipas,2020,61.88,Cobertura Educación Media
Tamaulipas,2008,31.42,Cobertura Educación Superior
Tamaulipas,2010,32.03,Cobertura Educación Superior
Tamaulipas,2012,33.75,Cobertura Educación Superior
Tamaulipas,2014,34.24,Cobertura Educación Superior
Tamaulipas,2016,36.25,Cobertura Educación Superior
Tamaulipas,2018,40.29,Cobertura Educación Superior
Tamaulipas,2020,42.5,Cobertura Educación Superior
Tlaxcala,2008,59.6,Pobreza
Tlaxcala,2010,60.3,Pobreza
Tlaxcala,2012,57.9,Pobreza
Tlaxcala,2014,58.9,Pobreza
Tlaxcala,2016,55.9,Pobreza
Tlaxcala,2018,51,Pobreza
Tlaxcala,2020,59.3,Pobreza
Tlaxcala,2008,23.6,Carencias sociales
Tlaxcala,2010,19.3,Carencias sociales
Tlaxcala,2012,23.9,Carencias sociales
Tlaxcala,2014,22.6,Carencias sociales
Tlaxcala,2016,21.6,Carencias sociales
Tlaxcala,2018,23.7,Carencias sociales
Tlaxcala,2020,18.2,Carencias sociales
Tlaxcala,2008,17.7,Rezago Educativo
Tlaxcala,2010,15.6,Rezago Educativo
Tlaxcala,2012,15.8,Rezago Educativo
Tlaxcala,2014,14.9,Rezago Educativo
Tlaxcala,2016,14.2,Rezago Educativo
Tlaxcala,2018,15.9,Rezago Educativo
Tlaxcala,2020,16.1,Rezago Educativo
Tlaxcala,2008,70.27,Cobertura Preescolar
Tlaxcala,2010,68.92,Cobertura Preescolar
Tlaxcala,2012,69.92,Cobertura Preescolar
Tlaxcala,2014,69.43,Cobertura Preescolar
Tlaxcala,2016,71.91,Cobertura Preescolar
Tlaxcala,2018,75.62,Cobertura Preescolar
Tlaxcala,2020,66.5,Cobertura Preescolar
Tlaxcala,2008,100.62,Cobertura Primaria
Tlaxcala,2010,99.27,Cobertura Primaria
Tlaxcala,2012,99.77,Cobertura Primaria
Tlaxcala,2014,97.87,Cobertura Primaria
Tlaxcala,2016,96.95,Cobertura Primaria
Tlaxcala,2018,97.4,Cobertura Primaria
Tlaxcala,2020,96.96,Cobertura Primaria
Tlaxcala,2008,89.63,Cobertura Secundaria
Tlaxcala,2010,89.64,Cobertura Secundaria
Tlaxcala,2012,86.3,Cobertura Secundaria
Tlaxcala,2014,89.1,Cobertura Secundaria
Tlaxcala,2016,88.69,Cobertura Secundaria
Tlaxcala,2018,87.58,Cobertura Secundaria
Tlaxcala,2020,87.43,Cobertura Secundaria
Tlaxcala,2008,51.99,Cobertura Educación Media
Tlaxcala,2010,57.81,Cobertura Educación Media
Tlaxcala,2012,60.02,Cobertura Educación Media
Tlaxcala,2014,60.99,Cobertura Educación Media
Tlaxcala,2016,63.38,Cobertura Educación Media
Tlaxcala,2018,65.89,Cobertura Educación Media
Tlaxcala,2020,66.01,Cobertura Educación Media
Tlaxcala,2008,20.29,Cobertura Educación Superior
Tlaxcala,2010,22.26,Cobertura Educación Superior
Tlaxcala,2012,23.61,Cobertura Educación Superior
Tlaxcala,2014,23.58,Cobertura Educación Superior
Tlaxcala,2016,26.8,Cobertura Educación Superior
Tlaxcala,2018,28.67,Cobertura Educación Superior
Tlaxcala,2020,29.17,Cobertura Educación Superior
Veracruz de Ignacio de la Llave,2008,51.2,Pobreza
Veracruz de Ignacio de la Llave,2010,57.6,Pobreza
Veracruz de Ignacio de la Llave,2012,52.6,Pobreza
Veracruz de Ignacio de la Llave,2014,58,Pobreza
Veracruz de Ignacio de la Llave,2016,60.5,Pobreza
Veracruz de Ignacio de la Llave,2018,60.2,Pobreza
Veracruz de Ignacio de la Llave,2020,58.6,Pobreza
Veracruz de Ignacio de la Llave,2008,32.7,Carencias sociales
Veracruz de Ignacio de la Llave,2010,23.6,Carencias sociales
Veracruz de Ignacio de la Llave,2012,30.6,Carencias sociales
Veracruz de Ignacio de la Llave,2014,24.8,Carencias sociales
Veracruz de Ignacio de la Llave,2016,20,Carencias sociales
Veracruz de Ignacio de la Llave,2018,20.7,Carencias sociales
Veracruz de Ignacio de la Llave,2020,21.7,Carencias sociales
Veracruz de Ignacio de la Llave,2008,28.4,Rezago Educativo
Veracruz de Ignacio de la Llave,2010,25.8,Rezago Educativo
Veracruz de Ignacio de la Llave,2012,25.8,Rezago Educativo
Veracruz de Ignacio de la Llave,2014,27.8,Rezago Educativo
Veracruz de Ignacio de la Llave,2016,26.4,Rezago Educativo
Veracruz de Ignacio de la Llave,2018,26.4,Rezago Educativo
Veracruz de Ignacio de la Llave,2020,27.8,Rezago Educativo
Veracruz de Ignacio de la Llave,2008,58.78,Cobertura Preescolar
Veracruz de Ignacio de la Llave,2010,60.16,Cobertura Preescolar
Veracruz de Ignacio de la Llave,2012,61.76,Cobertura Preescolar
Veracruz de Ignacio de la Llave,2014,61.97,Cobertura Preescolar
Veracruz de Ignacio de la Llave,2016,64.37,Cobertura Preescolar
Veracruz de Ignacio de la Llave,2018,60.63,Cobertura Preescolar
Veracruz de Ignacio de la Llave,2020,52.99,Cobertura Preescolar
Veracruz de Ignacio de la Llave,2008,99.68,Cobertura Primaria
Veracruz de Ignacio de la Llave,2010,101.13,Cobertura Primaria
Veracruz de Ignacio de la Llave,2012,97.75,Cobertura Primaria
Veracruz de Ignacio de la Llave,2014,93.84,Cobertura Primaria
Veracruz de Ignacio de la Llave,2016,91.19,Cobertura Primaria
Veracruz de Ignacio de la Llave,2018,90.38,Cobertura Primaria
Veracruz de Ignacio de la Llave,2020,88.86,Cobertura Primaria
Veracruz de Ignacio de la Llave,2008,75.49,Cobertura Secundaria
Veracruz de Ignacio de la Llave,2010,76.56,Cobertura Secundaria
Veracruz de Ignacio de la Llave,2012,78.35,Cobertura Secundaria
Veracruz de Ignacio de la Llave,2014,82.71,Cobertura Secundaria
Veracruz de Ignacio de la Llave,2016,80.85,Cobertura Secundaria
Veracruz de Ignacio de la Llave,2018,77.76,Cobertura Secundaria
Veracruz de Ignacio de la Llave,2020,76.05,Cobertura Secundaria
Veracruz de Ignacio de la Llave,2008,50.49,Cobertura Educación Media
Veracruz de Ignacio de la Llave,2010,51.67,Cobertura Educación Media
Veracruz de Ignacio de la Llave,2012,53.28,Cobertura Educación Media
Veracruz de Ignacio de la Llave,2014,56.49,Cobertura Educación Media
Veracruz de Ignacio de la Llave,2016,61.96,Cobertura Educación Media
Veracruz de Ignacio de la Llave,2018,60.35,Cobertura Educación Media
Veracruz de Ignacio de la Llave,2020,56.82,Cobertura Educación Media
Veracruz de Ignacio de la Llave,2008,19.4,Cobertura Educación Superior
Veracruz de Ignacio de la Llave,2010,21.24,Cobertura Educación Superior
Veracruz de Ignacio de la Llave,2012,22.3,Cobertura Educación Superior
Veracruz de Ignacio de la Llave,2014,23.71,Cobertura Educación Superior
Veracruz de Ignacio de la Llave,2016,25.05,Cobertura Educación Superior
Veracruz de Ignacio de la Llave,2018,26.23,Cobertura Educación Superior
Veracruz de Ignacio de la Llave,2020,25.94,Cobertura Educación Superior
Yucatán,2008,47,Pobreza
Yucatán,2010,48.3,Pobreza
Yucatán,2012,48.9,Pobreza
Yucatán,2014,45.9,Pobreza
Yucatán,2016,45.5,Pobreza
Yucatán,2018,44,Pobreza
Yucatán,2020,49.5,Pobreza
Yucatán,2008,29.5,Carencias sociales
Yucatán,2010,26,Carencias sociales
Yucatán,2012,27,Carencias sociales
Yucatán,2014,27.7,Carencias sociales
Yucatán,2016,27.2,Carencias sociales
Yucatán,2018,26.9,Carencias sociales
Yucatán,2020,22.1,Carencias sociales
Yucatán,2008,26.2,Rezago Educativo
Yucatán,2010,24.7,Rezago Educativo
Yucatán,2012,23.4,Rezago Educativo
Yucatán,2014,21.8,Rezago Educativo
Yucatán,2016,21.7,Rezago Educativo
Yucatán,2018,21.6,Rezago Educativo
Yucatán,2020,21.8,Rezago Educativo
Yucatán,2008,77.95,Cobertura Preescolar
Yucatán,2010,75.7,Cobertura Preescolar
Yucatán,2012,77.33,Cobertura Preescolar
Yucatán,2014,76.92,Cobertura Preescolar
Yucatán,2016,78.94,Cobertura Preescolar
Yucatán,2018,80.89,Cobertura Preescolar
Yucatán,2020,74.71,Cobertura Preescolar
Yucatán,2008,96.97,Cobertura Primaria
Yucatán,2010,100.66,Cobertura Primaria
Yucatán,2012,97.9,Cobertura Primaria
Yucatán,2014,93.95,Cobertura Primaria
Yucatán,2016,93.59,Cobertura Primaria
Yucatán,2018,94.88,Cobertura Primaria
Yucatán,2020,96.38,Cobertura Primaria
Yucatán,2008,72.74,Cobertura Secundaria
Yucatán,2010,72.83,Cobertura Secundaria
Yucatán,2012,78.31,Cobertura Secundaria
Yucatán,2014,84.81,Cobertura Secundaria
Yucatán,2016,83.35,Cobertura Secundaria
Yucatán,2018,80.47,Cobertura Secundaria
Yucatán,2020,81.52,Cobertura Secundaria
Yucatán,2008,44.77,Cobertura Educación Media
Yucatán,2010,48.69,Cobertura Educación Media
Yucatán,2012,50.2,Cobertura Educación Media
Yucatán,2014,53.13,Cobertura Educación Media
Yucatán,2016,60.77,Cobertura Educación Media
Yucatán,2018,65.42,Cobertura Educación Media
Yucatán,2020,64.42,Cobertura Educación Media
Yucatán,2008,27.17,Cobertura Educación Superior
Yucatán,2010,28.46,Cobertura Educación Superior
Yucatán,2012,30,Cobertura Educación Superior
Yucatán,2014,32.62,Cobertura Educación Superior
Yucatán,2016,34.01,Cobertura Educación Superior
Yucatán,2018,36.28,Cobertura Educación Superior
Yucatán,2020,38.47,Cobertura Educación Superior
Zacatecas,2008,50.1,Pobreza
Zacatecas,2010,60.2,Pobreza
Zacatecas,2012,54.2,Pobreza
Zacatecas,2014,52.3,Pobreza
Zacatecas,2016,50.2,Pobreza
Zacatecas,2018,49.2,Pobreza
Zacatecas,2020,45.8,Pobreza
Zacatecas,2008,27.8,Carencias sociales
Zacatecas,2010,18.4,Carencias sociales
Zacatecas,2012,20.4,Carencias sociales
Zacatecas,2014,24.4,Carencias sociales
Zacatecas,2016,21.9,Carencias sociales
Zacatecas,2018,24,Carencias sociales
Zacatecas,2020,25.5,Carencias sociales
Zacatecas,2008,24.5,Rezago Educativo
Zacatecas,2010,22.9,Rezago Educativo
Zacatecas,2012,21.1,Rezago Educativo
Zacatecas,2014,21.6,Rezago Educativo
Zacatecas,2016,19.3,Rezago Educativo
Zacatecas,2018,20.8,Rezago Educativo
Zacatecas,2020,21.9,Rezago Educativo
Zacatecas,2008,68.63,Cobertura Preescolar
Zacatecas,2010,73.61,Cobertura Preescolar
Zacatecas,2012,76.02,Cobertura Preescolar
Zacatecas,2014,78.24,Cobertura Preescolar
Zacatecas,2016,78.3,Cobertura Preescolar
Zacatecas,2018,77.88,Cobertura Preescolar
Zacatecas,2020,77.12,Cobertura Preescolar
Zacatecas,2008,100.89,Cobertura Primaria
Zacatecas,2010,102.25,Cobertura Primaria
Zacatecas,2012,100.85,Cobertura Primaria
Zacatecas,2014,96.93,Cobertura Primaria
Zacatecas,2016,97.39,Cobertura Primaria
Zacatecas,2018,98.26,Cobertura Primaria
Zacatecas,2020,97.83,Cobertura Primaria
Zacatecas,2008,83.65,Cobertura Secundaria
Zacatecas,2010,82.81,Cobertura Secundaria
Zacatecas,2012,88.95,Cobertura Secundaria
Zacatecas,2014,91.27,Cobertura Secundaria
Zacatecas,2016,85.5,Cobertura Secundaria
Zacatecas,2018,83.74,Cobertura Secundaria
Zacatecas,2020,85.26,Cobertura Secundaria
Zacatecas,2008,44.37,Cobertura Educación Media
Zacatecas,2010,49.33,Cobertura Educación Media
Zacatecas,2012,53.33,Cobertura Educación Media
Zacatecas,2014,58.84,Cobertura Educación Media
Zacatecas,2016,63,Cobertura Educación Media
Zacatecas,2018,61.14,Cobertura Educación Media
Zacatecas,2020,59.1,Cobertura Educación Media
Zacatecas,2008,22.85,Cobertura Educación Superior
Zacatecas,2010,23.68,Cobertura Educación Superior
Zacatecas,2012,25.65,Cobertura Educación Superior
Zacatecas,2014,29.14,Cobertura Educación Superior
Zacatecas,2016,31.85,Cobertura Educación Superior
Zacatecas,2018,34.06,Cobertura Educación Superior
Zacatecas,2020,34.41,Cobertura Educación Superior
